{"type":"FeatureCollection","attribution":"© OpenStreetMap contributors","license":"ODbL-1.0","source_timestamp":"2026-07-15T15:22:01Z","coordinateSystem":"WGS84 longitude-latitude","features":[{"type":"Feature","id":"node/4087710661","properties":{"name":"堆龙德庆区 སྟོད་ལུང་བདེ་ཆེན།","name:zh":"堆龙德庆区","place":"city","osm_id":"node/4087710661","source":"OpenStreetMap"},"geometry":{"type":"Point","coordinates":[91.0015415,29.6489297]}},{"type":"Feature","id":"node/5584239462","properties":{"name":"金珠西路社区","place":"neighbourhood","osm_id":"node/5584239462","source":"OpenStreetMap"},"geometry":{"type":"Point","coordinates":[91.0372424,29.6483022]}},{"type":"Feature","id":"way/4846148","properties":{"highway":"primary","osm_id":"way/4846148","source":"OpenStreetMap"},"geometry":{"type":"LineString","coordinates":[[91.0017189,29.6473868],[91.0019201,29.6473585],[91.0032599,29.6470554],[91.0069528,29.6461497],[91.0124381,29.6448133],[91.0125096,29.6447082]]}},{"type":"Feature","id":"way/4846149","properties":{"highway":"primary","name":"团结路","osm_id":"way/4846149","source":"OpenStreetMap"},"geometry":{"type":"LineString","coordinates":[[90.9998186,29.6335212],[90.9997095,29.6337159],[90.9992878,29.6344428],[90.9992787,29.6349734],[90.99975,29.637809],[91.0001223,29.6397113],[91.0009744,29.644413],[91.0017189,29.6473868],[91.002385,29.6493041],[91.0031548,29.6513574],[91.0032006,29.6514797]]}},{"type":"Feature","id":"way/4846151","properties":{"highway":"tertiary","osm_id":"way/4846151","source":"OpenStreetMap"},"geometry":{"type":"LineString","coordinates":[[91.0133064,29.6452998],[91.0136953,29.6454513],[91.0145295,29.646083],[91.0160594,29.646833],[91.0179205,29.6477583],[91.0184374,29.6479142],[91.0187861,29.6479735]]}},{"type":"Feature","id":"way/4846154","properties":{"highway":"trunk","name":"拉贡路","osm_id":"way/4846154","source":"OpenStreetMap"},"geometry":{"type":"LineString","coordinates":[[90.997315,29.6316711],[90.997712,29.6321001],[90.9981385,29.6324638]]}},{"type":"Feature","id":"way/4846175","properties":{"highway":"unclassified","osm_id":"way/4846175","source":"OpenStreetMap"},"geometry":{"type":"LineString","coordinates":[[90.9968511,29.6312958],[90.9941083,29.6337878]]}},{"type":"Feature","id":"way/4846176","properties":{"highway":"trunk","osm_id":"way/4846176","source":"OpenStreetMap"},"geometry":{"type":"LineString","coordinates":[[90.9965855,29.6299412],[90.99645,29.6299715],[90.9959548,29.6301266],[90.994441,29.6304925],[90.9935613,29.6307223],[90.9911593,29.6313497],[90.9895871,29.6317463],[90.9885843,29.6319481],[90.9870073,29.6323286],[90.9851022,29.6328124],[90.9821337,29.6335051],[90.9781475,29.6344686],[90.9753136,29.6351172],[90.9749722,29.6352012],[90.9741092,29.6354375]]}},{"type":"Feature","id":"way/4846271","properties":{"name":"拉萨河","name:zh":"拉萨河","waterway":"river","osm_id":"way/4846271","source":"OpenStreetMap"},"geometry":{"type":"LineString","coordinates":[[91.0332756,29.6256114],[91.0337441,29.6281824],[91.0291416,29.6278514],[91.0271144,29.6281046],[91.0238201,29.6277593],[91.0225439,29.627274],[91.0204178,29.6262467],[91.0198026,29.6245547],[91.0189649,29.6237431],[91.0177527,29.6199866],[91.0180254,29.6189568],[91.0179821,29.6178589],[91.0177786,29.6162982],[91.0172041,29.6148324],[91.0168337,29.6142478],[91.0151006,29.6124987],[91.0133228,29.6125642],[91.0128292,29.6122993],[91.0114858,29.6108692],[91.0111464,29.6104911],[91.0100203,29.6091382],[91.0087395,29.6066866],[91.0086029,29.603758],[91.0069794,29.6005126],[91.006136,29.5999303],[91.0051739,29.5987976],[91.004787,29.5974255],[91.0048552,29.5964096],[91.0033835,29.5941536],[91.002109,29.5932168],[91.0002123,29.5925439],[90.9984675,29.5912114],[90.9967833,29.5891135],[90.994826,29.5878073],[90.9934053,29.5867333],[90.9923464,29.5858943],[90.9913666,29.5851288],[90.9911462,29.5840321],[90.9919228,29.5832544],[90.9932525,29.5816535],[90.994054,29.5790398],[90.9947982,29.5774964],[90.995797,29.5764199],[90.9958161,29.5758274],[90.9958195,29.5757247],[90.9958426,29.575008],[90.9959943,29.5732397],[90.9958122,29.5710491],[90.9953992,29.567937],[90.9952356,29.5669449],[90.9965253,29.5643187],[90.9976102,29.562306],[91.0002696,29.5613362],[91.0021354,29.5601663],[91.002333,29.559841],[91.002687,29.5592581],[91.0026989,29.5584668],[91.002941,29.5576775],[91.0033961,29.5565335],[91.0039754,29.5559776],[91.0047669,29.5555238],[91.0056166,29.5542131],[91.005961,29.5534734],[91.0065692,29.5515257],[91.0075509,29.550559],[91.0080562,29.5494917],[91.0080939,29.5482219],[91.0070653,29.54645],[91.0053454,29.5445925],[91.0020483,29.5419167],[90.9983519,29.5390635],[90.9969577,29.5383759],[90.994586,29.5360013],[90.9925151,29.5357418],[90.9901271,29.5342817],[90.9879509,29.5336548],[90.9873326,29.533735],[90.9844894,29.5331261],[90.9830203,29.5329892],[90.9792883,29.5335368],[90.975946,29.533875],[90.9728246,29.5341909],[90.9707388,29.5340586],[90.9695341,29.5336895],[90.9680226,29.530701],[90.9665773,29.5293341],[90.9648363,29.5285833],[90.9626462,29.528247],[90.9608116,29.5279882],[90.9598951,29.527276]]}},{"type":"Feature","id":"way/4847381","properties":{"name":"堆龙曲","name:zh":"堆龙曲","waterway":"river","osm_id":"way/4847381","source":"OpenStreetMap"},"geometry":{"type":"LineString","coordinates":[[90.7822748,29.7618777],[90.7832838,29.7614101],[90.7838149,29.7606922],[90.7842701,29.7596912],[90.7840197,29.7580776],[90.7853018,29.7555946],[90.7857494,29.7546528],[90.7851741,29.7532853],[90.785188,29.7528679],[90.7860984,29.7521105],[90.7862122,29.7510633],[90.7859161,29.7499119],[90.7875322,29.7484484],[90.7891584,29.7479394],[90.790245,29.7472056],[90.7913786,29.7451814],[90.7933842,29.7444801],[90.7941704,29.7440814],[90.7947166,29.7427969],[90.795627,29.7420592],[90.796818,29.7415915],[90.7988512,29.7417627],[90.8004216,29.7411106],[90.8011575,29.7402543],[90.8023561,29.7392794],[90.8038882,29.7387144],[90.8043893,29.7384757],[90.8045486,29.7383901],[90.8050645,29.7371912],[90.80643,29.7359198],[90.8088501,29.7342796],[90.809457,29.7337525],[90.8106936,29.7316972],[90.8118392,29.7312097],[90.8134475,29.7313019],[90.8148055,29.731348],[90.8154788,29.7309563],[90.8167931,29.7294705],[90.8212741,29.7260286],[90.8230671,29.7240683],[90.8237195,29.7230603],[90.8247513,29.7217756],[90.8282767,29.7199473],[90.8290528,29.7191731],[90.82947,29.7184616],[90.8303121,29.7178686],[90.8323832,29.71719],[90.8334908,29.7168342],[90.8383082,29.7158393],[90.8397572,29.7150223],[90.8403945,29.7137835],[90.8404628,29.7126634],[90.8417145,29.7121099],[90.8427918,29.7118727],[90.8440587,29.7121099],[90.8449691,29.7122813],[90.8457733,29.7118003],[90.8469871,29.71126],[90.8483906,29.7115301],[90.8505378,29.7127425],[90.8516162,29.7125848],[90.8526805,29.7123639],[90.8534552,29.7130095],[90.8552943,29.7130522],[90.8576688,29.7124987],[90.8612376,29.7111392],[90.8632676,29.7100937],[90.8659463,29.7090419],[90.8675668,29.7080979],[90.8691527,29.70694],[90.8705163,29.7069064],[90.8716208,29.707364],[90.8737083,29.707131],[90.8759673,29.7061056],[90.8767669,29.7054146],[90.8771317,29.7043709],[90.8780759,29.7039608],[90.8788054,29.704054],[90.8794706,29.703849],[90.8811443,29.7015565],[90.8815807,29.7008426],[90.8816057,29.7008016],[90.8814984,29.7004009],[90.8821743,29.6999815],[90.8831077,29.6986861],[90.8837943,29.6979312],[90.8834802,29.6966358],[90.883687,29.6950421],[90.8846448,29.6927531],[90.8846419,29.6912209],[90.8849423,29.6891704],[90.884363,29.6879681],[90.8843184,29.6873582],[90.8857722,29.6858544],[90.8901191,29.6830851],[90.892997,29.6811188],[90.8945554,29.6794488],[90.895124,29.67847],[90.8955424,29.6781531],[90.8979886,29.6775286],[90.8998216,29.6758359],[90.9012796,29.6745481],[90.9024464,29.6739906],[90.9047338,29.6730785],[90.9063329,29.6725071],[90.9073393,29.6718382],[90.9084047,29.6713982],[90.909263,29.6712327],[90.9103423,29.6712104],[90.9111958,29.6711991],[90.9124038,29.6708198],[90.9148329,29.6700245],[90.9161176,29.6703635],[90.9175258,29.6702482],[90.9189742,29.6700152],[90.9197788,29.6699499],[90.9213774,29.6694279],[90.9226313,29.6683608],[90.9236412,29.6678897],[90.9242313,29.6678151],[90.9252076,29.6681041],[90.9267955,29.6676939],[90.9285014,29.6673956],[90.9292202,29.6664633],[90.9299498,29.6662769],[90.9307223,29.6661743],[90.9329753,29.6667523],[90.9338229,29.6666871],[90.9350996,29.6662116],[90.9362459,29.6659877],[90.9370804,29.6660237],[90.9386253,29.6658652],[90.9391242,29.6653898],[90.9413004,29.6651006],[90.9438709,29.6637031],[90.9467858,29.6615453],[90.9475144,29.6605235],[90.9486662,29.6595966],[90.9501975,29.6596384],[90.9512168,29.6575525],[90.9517253,29.6569571],[90.9527981,29.6570037],[90.95356,29.6572704],[90.9541923,29.6572347],[90.9561156,29.6575124],[90.959497,29.6565402],[90.9604216,29.6565947],[90.9618945,29.6569946],[90.9626744,29.6568424],[90.9629681,29.655689],[90.9642772,29.6550667],[90.9655529,29.6548966],[90.9668311,29.6545178],[90.9683038,29.6532595],[90.9693432,29.6522824],[90.9734373,29.6466216],[90.9756131,29.6456873],[90.9770572,29.6446951],[90.9792758,29.6435782],[90.9800766,29.643362],[90.9807209,29.6434001],[90.9825491,29.643912],[90.9836615,29.643949],[90.9843306,29.6438035],[90.9850543,29.6433804],[90.9864348,29.6432514],[90.9873666,29.6434035],[90.9885241,29.6436232],[90.9891061,29.6435463],[90.9909803,29.6423529],[90.993244,29.6402098],[90.9956633,29.6388061],[90.9959214,29.6356924],[90.9973936,29.6334148],[90.9975884,29.6321468],[90.9983529,29.6316304],[90.9985851,29.6314735],[90.9998434,29.6305136],[91.0006839,29.6298724],[91.0015207,29.6288279],[91.002441,29.6281229],[91.0030779,29.6280841],[91.0049868,29.6265515],[91.0056084,29.6249247],[91.009281,29.6230309],[91.0096936,29.6203938],[91.0115153,29.6178016],[91.0113738,29.6156749],[91.0114858,29.6108692]]}},{"type":"Feature","id":"way/49856576","properties":{"highway":"trunk","name":"青藏公路","osm_id":"way/49856576","source":"OpenStreetMap"},"geometry":{"type":"LineString","coordinates":[[90.9829986,29.6570879],[90.9832012,29.6570389],[90.9868855,29.656209],[90.9883649,29.6558953],[90.9906193,29.6553447],[90.9919642,29.6549603],[90.9938542,29.6543636],[90.9965687,29.6534963],[90.9995275,29.6525551],[91.0011323,29.652036],[91.0031008,29.6513727],[91.0031548,29.6513574],[91.0060219,29.6504636],[91.0085019,29.6496607],[91.0111856,29.6487842],[91.0119277,29.6485866],[91.0123354,29.648484],[91.0130569,29.6483302],[91.0137462,29.6482044],[91.0142371,29.6481693],[91.0148352,29.64816],[91.0154069,29.6481013]]}},{"type":"Feature","id":"way/135291166","properties":{"highway":"tertiary","name":"滨河路","osm_id":"way/135291166","source":"OpenStreetMap"},"geometry":{"type":"LineString","coordinates":[[91.0339875,29.6320902],[91.0369565,29.6328828],[91.0371834,29.6329408],[91.0374143,29.6329943],[91.0376448,29.633039],[91.0378814,29.6330774],[91.0380599,29.6331075],[91.0382384,29.6331421],[91.0384138,29.6331826],[91.0385862,29.6332257],[91.0393782,29.6334405],[91.0399109,29.6335849],[91.0404623,29.6337344],[91.0449539,29.6349524],[91.0454107,29.6350763],[91.0459555,29.635224],[91.0533782,29.6372369],[91.0539441,29.6373903],[91.054613,29.6375717],[91.0618919,29.6395456],[91.0631659,29.639891],[91.0632682,29.6399188],[91.0633195,29.6399327],[91.0635527,29.6399995],[91.0637819,29.64007],[91.0640228,29.6401489],[91.0642606,29.6402314],[91.0644889,29.6403166],[91.0647141,29.6404064],[91.0647977,29.6404421],[91.0649379,29.640502],[91.0651597,29.6406004],[91.0677527,29.6418343],[91.0681662,29.6420266],[91.0685907,29.6422041],[91.0690206,29.6423679],[91.0694629,29.6425169],[91.0699063,29.6426529],[91.070359,29.6427713],[91.0708164,29.6428768],[91.07128,29.6429675],[91.0725765,29.6432055],[91.0728129,29.6432489],[91.0730635,29.6432949],[91.0793163,29.6444426],[91.0794896,29.644478],[91.0796677,29.6445244],[91.0798393,29.6445867],[91.0800013,29.6446643],[91.0801524,29.6447547],[91.0802958,29.6448527],[91.0804254,29.6449606],[91.0805448,29.6450762],[91.0806608,29.6451854],[91.0807851,29.6452901],[91.0809232,29.645385],[91.0810757,29.6454683],[91.0812387,29.6455349],[91.081411,29.6455871],[91.0815858,29.6456229],[91.0817627,29.6456462],[91.081878,29.6456588],[91.0819949,29.6456657],[91.0821081,29.6456653],[91.0822238,29.6456671],[91.0824705,29.6456968],[91.0825535,29.6457201],[91.0826399,29.645739],[91.082728,29.6457514],[91.0828169,29.6457609],[91.083345,29.6458265],[91.0838693,29.6458989]]}},{"type":"Feature","id":"way/173504050","properties":{"highway":"tertiary","osm_id":"way/173504050","source":"OpenStreetMap"},"geometry":{"type":"LineString","coordinates":[[91.0320683,29.647146],[91.0320636,29.6470752],[91.0319369,29.6451766],[91.0318128,29.6433154],[91.0318327,29.642065],[91.0319617,29.6408147],[91.0321613,29.6397828],[91.0330828,29.6350199],[91.0333674,29.633601],[91.0336897,29.6320325]]}},{"type":"Feature","id":"way/176846770","properties":{"highway":"service","osm_id":"way/176846770","source":"OpenStreetMap"},"geometry":{"type":"LineString","coordinates":[[91.035735,29.6458153],[91.0354824,29.6458733],[91.0351914,29.6460173],[91.0351045,29.6460419],[91.0350257,29.6460384],[91.0334232,29.6457872],[91.0322795,29.6456257],[91.0322411,29.6456046],[91.0322048,29.6455308],[91.0321765,29.6450391]]}},{"type":"Feature","id":"way/176846785","properties":{"highway":"service","osm_id":"way/176846785","source":"OpenStreetMap"},"geometry":{"type":"LineString","coordinates":[[91.0334232,29.6457872],[91.0335303,29.6451023]]}},{"type":"Feature","id":"way/176846788","properties":{"highway":"footway","osm_id":"way/176846788","source":"OpenStreetMap"},"geometry":{"type":"LineString","coordinates":[[91.0341836,29.6456573],[91.0341488,29.6458166]]}},{"type":"Feature","id":"way/176846789","properties":{"highway":"service","osm_id":"way/176846789","source":"OpenStreetMap"},"geometry":{"type":"LineString","coordinates":[[91.0319369,29.6451766],[91.0321765,29.6450391],[91.0323401,29.6449811],[91.032518,29.6449425],[91.0326776,29.6449179],[91.0328453,29.6449144],[91.0329969,29.6449407],[91.0332232,29.645018],[91.0333828,29.6450707],[91.0335303,29.6451023],[91.0336678,29.6450935],[91.0342982,29.6450584],[91.0344215,29.645076],[91.0345266,29.6451304],[91.0346256,29.6452165],[91.0347488,29.6453868],[91.0348782,29.6455431],[91.0350176,29.645652],[91.0351591,29.6457328],[91.0352965,29.6457714],[91.0354743,29.6458013],[91.035735,29.6458153],[91.0360199,29.6458083],[91.0364685,29.6457925]]}},{"type":"Feature","id":"way/176846795","properties":{"highway":"service","osm_id":"way/176846795","source":"OpenStreetMap"},"geometry":{"type":"LineString","coordinates":[[91.0360624,29.6469064],[91.0360625,29.6468261],[91.0360627,29.646728],[91.0364685,29.6457925],[91.0371183,29.6442817],[91.038073,29.6420619],[91.0387366,29.6406467]]}},{"type":"Feature","id":"way/176846799","properties":{"highway":"footway","osm_id":"way/176846799","source":"OpenStreetMap"},"geometry":{"type":"LineString","coordinates":[[91.0337574,29.6455917],[91.0341836,29.6456573],[91.0342344,29.6456651],[91.0342534,29.6455727]]}},{"type":"Feature","id":"way/215053113","properties":{"highway":"tertiary","name":"格桑路","osm_id":"way/215053113","source":"OpenStreetMap"},"geometry":{"type":"LineString","coordinates":[[91.003744,29.6298156],[91.003843,29.6299112],[91.005716,29.631751],[91.0073031,29.63331],[91.0076332,29.6336371],[91.009549,29.635536],[91.0104967,29.6364752],[91.0108973,29.6368723],[91.0117846,29.6377048],[91.0118688,29.6377838],[91.0135796,29.639475],[91.014352,29.6402386],[91.0149635,29.6407795],[91.0154951,29.6410476]]}},{"type":"Feature","id":"way/215053116","properties":{"highway":"tertiary","osm_id":"way/215053116","source":"OpenStreetMap"},"geometry":{"type":"LineString","coordinates":[[91.005716,29.631751],[91.0081846,29.6298488],[91.0106879,29.627953],[91.0107901,29.6278892],[91.0135841,29.625653]]}},{"type":"Feature","id":"way/215053117","properties":{"highway":"tertiary","osm_id":"way/215053117","source":"OpenStreetMap"},"geometry":{"type":"LineString","coordinates":[[91.0154641,29.6369888],[91.0156882,29.6372989],[91.0169221,29.6384739],[91.0172332,29.6386137],[91.0176945,29.6387909],[91.0182036,29.6389518],[91.0187996,29.6389961],[91.0192609,29.6389681],[91.0196473,29.6388978],[91.0197673,29.6388872]]}},{"type":"Feature","id":"way/215053118","properties":{"highway":"tertiary","osm_id":"way/215053118","source":"OpenStreetMap"},"geometry":{"type":"LineString","coordinates":[[91.011079,29.6414433],[91.0135796,29.639475]]}},{"type":"Feature","id":"way/215053119","properties":{"highway":"tertiary","osm_id":"way/215053119","source":"OpenStreetMap"},"geometry":{"type":"LineString","coordinates":[[91.0141417,29.6357509],[91.0120246,29.6336544],[91.010108,29.6317479],[91.0081846,29.6298488],[91.0063067,29.6279945],[91.0061636,29.6278738]]}},{"type":"Feature","id":"way/215053120","properties":{"highway":"secondary","name":"林琼岗路","osm_id":"way/215053120","source":"OpenStreetMap"},"geometry":{"type":"LineString","coordinates":[[91.0223307,29.6473639],[91.0220719,29.6459663],[91.0219431,29.6454861],[91.0215743,29.6444286],[91.0213692,29.6438403],[91.0205967,29.6416537],[91.0205801,29.6416052],[91.0202904,29.6407562],[91.0197384,29.6391546],[91.0196473,29.6388978],[91.0194111,29.6382314],[91.0188366,29.6366438],[91.0187285,29.6363536],[91.0185308,29.6358232],[91.0182846,29.6355133],[91.017933,29.6351572]]}},{"type":"Feature","id":"way/215053122","properties":{"highway":"secondary","name":"团结路","osm_id":"way/215053122","source":"OpenStreetMap"},"geometry":{"type":"LineString","coordinates":[[90.9999407,29.6330922],[91.0000692,29.6329206],[91.0010648,29.6319137],[91.001869,29.6312676],[91.0034622,29.630032],[91.003744,29.6298156],[91.0061636,29.6278738],[91.0073949,29.6269461],[91.0078465,29.6265747]]}},{"type":"Feature","id":"way/215053123","properties":{"highway":"tertiary","osm_id":"way/215053123","source":"OpenStreetMap"},"geometry":{"type":"LineString","coordinates":[[91.0175927,29.64471],[91.0180565,29.6418013]]}},{"type":"Feature","id":"way/215053124","properties":{"highway":"tertiary","osm_id":"way/215053124","source":"OpenStreetMap"},"geometry":{"type":"LineString","coordinates":[[91.0216922,29.6444128],[91.0215743,29.6444286],[91.0207522,29.6446096],[91.0197974,29.6447588],[91.0189868,29.6447891],[91.0179949,29.6447495],[91.0175927,29.64471],[91.0173298,29.6446842],[91.0164655,29.6445373],[91.0155488,29.6442739],[91.0145295,29.6439196],[91.0137678,29.6435652],[91.0130919,29.6431456],[91.0122979,29.6425862],[91.0115839,29.6419544],[91.011079,29.6414433],[91.0092509,29.6395929],[91.0090793,29.6393038],[91.0090364,29.6389215],[91.0091115,29.638651],[91.0093046,29.6383713],[91.0096849,29.6381405],[91.0106537,29.6379395],[91.0117846,29.6377048],[91.0154641,29.6369888],[91.0187285,29.6363536],[91.0188533,29.6363391]]}},{"type":"Feature","id":"way/215053126","properties":{"highway":"secondary","name":"林琼岗路","osm_id":"way/215053126","source":"OpenStreetMap"},"geometry":{"type":"LineString","coordinates":[[91.0187863,29.6361575],[91.0188533,29.6363391],[91.0192497,29.6374131],[91.0197673,29.6388872],[91.0204948,29.640959],[91.0207137,29.6415908],[91.0212782,29.6432199],[91.0215998,29.644148],[91.0216922,29.6444128],[91.022088,29.6455467],[91.0222167,29.6460968],[91.0224478,29.6473583]]}},{"type":"Feature","id":"way/215053127","properties":{"highway":"tertiary","osm_id":"way/215053127","source":"OpenStreetMap"},"geometry":{"type":"LineString","coordinates":[[91.0126288,29.6445488],[91.0137678,29.6435652],[91.0154951,29.6410476]]}},{"type":"Feature","id":"way/215053129","properties":{"highway":"tertiary","name":"广州路","osm_id":"way/215053129","source":"OpenStreetMap"},"geometry":{"type":"LineString","coordinates":[[91.009549,29.635536],[91.0120246,29.6336544],[91.0145167,29.6317602],[91.0146099,29.6316846],[91.0173905,29.6296034],[91.0137687,29.6259003],[91.0135841,29.625653]]}},{"type":"Feature","id":"way/215053132","properties":{"highway":"tertiary","name":"塔杰路","osm_id":"way/215053132","source":"OpenStreetMap"},"geometry":{"type":"LineString","coordinates":[[91.0076332,29.6336371],[91.010108,29.6317479],[91.0125948,29.6298495],[91.0126901,29.6297793]]}},{"type":"Feature","id":"way/215053133","properties":{"highway":"tertiary","name":"昆山路","osm_id":"way/215053133","source":"OpenStreetMap"},"geometry":{"type":"LineString","coordinates":[[91.0104967,29.6364752],[91.0141417,29.6357509],[91.0177981,29.6350243],[91.0179017,29.6349471]]}},{"type":"Feature","id":"way/232952410","properties":{"waterway":"canal","osm_id":"way/232952410","source":"OpenStreetMap"},"geometry":{"type":"LineString","coordinates":[[91.0571201,29.6572628],[91.0565879,29.6572868],[91.0550041,29.6570227],[91.054644,29.6570681],[91.0537213,29.6573739],[91.0517429,29.6573987],[91.050164,29.657283],[91.0493841,29.6573408],[91.0487753,29.6575971],[91.0475198,29.6582748],[91.0470252,29.6583244],[91.0447224,29.6581516],[91.0439054,29.6580269],[91.0433442,29.6577416],[91.0422636,29.656866],[91.0419778,29.6562025],[91.0415376,29.6552017],[91.0411871,29.6548464],[91.0408805,29.6546941],[91.0402087,29.654618],[91.0389486,29.6546959],[91.0378907,29.6548661],[91.0367542,29.6554769],[91.0363504,29.6554899],[91.0351466,29.6553924],[91.0344961,29.6552105],[91.0337517,29.6549823],[91.0330186,29.6542014],[91.0318789,29.6529433],[91.0297597,29.651233],[91.0283882,29.6506144],[91.0274393,29.6503814],[91.0258716,29.6505965],[91.0247577,29.6503993],[91.0239999,29.6499709],[91.0233455,29.6492477],[91.0231568,29.6479955],[91.0231606,29.6475513],[91.0233187,29.6472847],[91.0230764,29.64677],[91.0227746,29.6462161],[91.022594,29.6460104],[91.0209801,29.6405378],[91.021018,29.6397004],[91.0212456,29.6390674],[91.0220037,29.6387271],[91.0225927,29.6381797],[91.0237036,29.6360276],[91.0237264,29.635777],[91.0236657,29.635421],[91.022997,29.6336559],[91.0225808,29.6330537],[91.0214732,29.6321766],[91.0198356,29.6307772],[91.0193338,29.6298752],[91.0178469,29.625048],[91.0174676,29.6240852],[91.0165273,29.6210258],[91.0159342,29.6198939],[91.0152068,29.619189],[91.0151222,29.6175818],[91.0155026,29.6168838],[91.0168337,29.6142478]]}},{"type":"Feature","id":"way/233872255","properties":{"highway":"unclassified","osm_id":"way/233872255","source":"OpenStreetMap"},"geometry":{"type":"LineString","coordinates":[[91.0379289,29.6069501],[91.0378968,29.6074724],[91.0377546,29.6080055],[91.037591,29.6089556],[91.037312,29.6107139],[91.037286,29.6108752],[91.0372772,29.6110513],[91.037341,29.6112389],[91.0374467,29.6114245],[91.0375744,29.6115604],[91.0380059,29.6118303],[91.0381225,29.611947],[91.0381864,29.6120829],[91.0381908,29.6122188],[91.0381027,29.6126801],[91.038029,29.6128581],[91.0359818,29.6155643],[91.035499,29.6164644],[91.0353595,29.6171966],[91.0352737,29.6186189],[91.0349035,29.6196262],[91.0347131,29.6200996],[91.0347238,29.6204144],[91.0347158,29.6206219],[91.0343993,29.6211768],[91.0342759,29.6214939],[91.0339968,29.6223891],[91.0339311,29.6226105],[91.0338885,29.622754],[91.0337233,29.6233103],[91.0335355,29.6236738],[91.0333451,29.623955],[91.0332995,29.6241215],[91.0333316,29.6242521],[91.0335301,29.6245365],[91.0339164,29.624793],[91.0342302,29.6248877],[91.0348498,29.6249049],[91.0351368,29.6248224],[91.0355391,29.6244493],[91.0359468,29.6242815],[91.0362955,29.6242488],[91.0366631,29.6242802],[91.0369742,29.6243035],[91.0372907,29.6240657],[91.0374838,29.6237953],[91.0377735,29.623744],[91.038149,29.6234315],[91.0384815,29.6233474],[91.0388999,29.6233427],[91.0399889,29.6230723],[91.0405468,29.6228018],[91.0418611,29.6223028],[91.04225,29.6222576],[91.0430841,29.6222375],[91.0433376,29.6224115],[91.0437547,29.6226013],[91.0441545,29.6225512],[91.0449034,29.6214866],[91.0455371,29.6208058],[91.0467793,29.6204775],[91.0472171,29.6205549],[91.0492279,29.6209296],[91.0494513,29.6210515],[91.0495662,29.6212219],[91.0498658,29.6217282],[91.0501812,29.6219026],[91.0508833,29.6220715],[91.0516241,29.6222596],[91.052103,29.6223527],[91.0532926,29.6225958],[91.0550719,29.6229807],[91.0562915,29.6231564],[91.0565999,29.6231914]]}},{"type":"Feature","id":"way/257621601","properties":{"highway":"trunk","name":"拉贡路","osm_id":"way/257621601","source":"OpenStreetMap"},"geometry":{"type":"LineString","coordinates":[[91.0136712,29.6457707],[91.0134754,29.6455842],[91.0131562,29.6453418],[91.0124381,29.6448133],[91.0123691,29.6447603],[91.0108629,29.6435654],[91.0102138,29.6429966],[91.0096022,29.6424138],[91.009365,29.6421182],[91.0087922,29.6414044],[91.0081699,29.6403577],[91.0075155,29.6393273],[91.007317,29.6390639],[91.0069013,29.6386069],[91.0062173,29.6379355],[91.0042566,29.6363572],[91.003291,29.6355739],[91.0023844,29.6348722],[91.0006276,29.6339443],[91.0000026,29.6336039],[90.9998186,29.6335212],[90.9997023,29.6334601],[90.9988815,29.6330607],[90.9980205,29.6325594]]}},{"type":"Feature","id":"way/259879234","properties":{"highway":"residential","osm_id":"way/259879234","source":"OpenStreetMap"},"geometry":{"type":"LineString","coordinates":[[91.0332289,29.6394036],[91.0346048,29.6402922],[91.0353864,29.6406745],[91.0356975,29.6407165],[91.0359282,29.6406792],[91.0360784,29.6406139],[91.0362087,29.640502],[91.0367184,29.6399192],[91.0368632,29.6397514],[91.0370241,29.6396768],[91.0370671,29.6396255],[91.037559,29.638996],[91.0381721,29.6382687],[91.038546,29.6383992]]}},{"type":"Feature","id":"way/259879244","properties":{"highway":"residential","osm_id":"way/259879244","source":"OpenStreetMap"},"geometry":{"type":"LineString","coordinates":[[91.037559,29.638996],[91.0374587,29.6389401],[91.0364003,29.6388049],[91.0349266,29.6385904],[91.0334245,29.6383557]]}},{"type":"Feature","id":"way/259879253","properties":{"highway":"residential","osm_id":"way/259879253","source":"OpenStreetMap"},"geometry":{"type":"LineString","coordinates":[[91.036284,29.6394071],[91.0348122,29.6391955]]}},{"type":"Feature","id":"way/259879255","properties":{"highway":"residential","osm_id":"way/259879255","source":"OpenStreetMap"},"geometry":{"type":"LineString","coordinates":[[91.0378647,29.6460129],[91.0378701,29.6455653],[91.0379575,29.645211],[91.0381437,29.6447121],[91.038194,29.6446075],[91.0392098,29.6424941],[91.0398871,29.6410848]]}},{"type":"Feature","id":"way/259879256","properties":{"highway":"residential","osm_id":"way/259879256","source":"OpenStreetMap"},"geometry":{"type":"LineString","coordinates":[[91.0331274,29.6399475],[91.0332289,29.6394036],[91.0334245,29.6383557],[91.0336507,29.6371436],[91.0339565,29.6355046]]}},{"type":"Feature","id":"way/259879266","properties":{"highway":"service","osm_id":"way/259879266","source":"OpenStreetMap"},"geometry":{"type":"LineString","coordinates":[[91.0344868,29.640558],[91.0335909,29.6400264],[91.0331274,29.6399475],[91.0321613,29.6397828]]}},{"type":"Feature","id":"way/259879272","properties":{"highway":"residential","osm_id":"way/259879272","source":"OpenStreetMap"},"geometry":{"type":"LineString","coordinates":[[91.0336507,29.6371436],[91.0351486,29.6373698],[91.0365987,29.637574]]}},{"type":"Feature","id":"way/259879274","properties":{"highway":"residential","osm_id":"way/259879274","source":"OpenStreetMap"},"geometry":{"type":"LineString","coordinates":[[91.0366792,29.6372849],[91.0366647,29.6373315],[91.0365987,29.637574],[91.0364003,29.6388049],[91.036284,29.6394071],[91.0362356,29.6396581]]}},{"type":"Feature","id":"way/259879286","properties":{"highway":"residential","osm_id":"way/259879286","source":"OpenStreetMap"},"geometry":{"type":"LineString","coordinates":[[91.0344868,29.640558],[91.0346048,29.6402922],[91.0348122,29.6391955],[91.0349266,29.6385904],[91.0351486,29.6373698],[91.0353327,29.636357],[91.0339565,29.6355046],[91.0332476,29.6350654],[91.0330828,29.6350199]]}},{"type":"Feature","id":"way/259883987","properties":{"highway":"residential","osm_id":"way/259883987","source":"OpenStreetMap"},"geometry":{"type":"LineString","coordinates":[[91.0048449,29.6486623],[91.0045682,29.6477995]]}},{"type":"Feature","id":"way/259883988","properties":{"highway":"unclassified","osm_id":"way/259883988","source":"OpenStreetMap"},"geometry":{"type":"LineString","coordinates":[[91.001215,29.6382711],[91.001215,29.6383551],[91.0014725,29.6390218],[91.0015208,29.6390987],[91.0015932,29.6391663],[91.0017729,29.6392036],[91.0024757,29.6392152],[91.0029531,29.6392198],[91.0031301,29.6392804],[91.0035019,29.6396022],[91.0041563,29.6403015],[91.0044943,29.6407911],[91.004902,29.641677],[91.0049004,29.6418448],[91.0048253,29.6419987],[91.0046429,29.6420919],[91.0044659,29.6421758],[91.0043747,29.6424183],[91.0042207,29.6425069],[91.0040437,29.6425861],[91.00399,29.6426794],[91.0041118,29.6431503]]}},{"type":"Feature","id":"way/259883991","properties":{"highway":"residential","osm_id":"way/259883991","source":"OpenStreetMap"},"geometry":{"type":"LineString","coordinates":[[91.0030497,29.6481948],[91.0035332,29.6480618],[91.003577,29.6480498],[91.0040609,29.6479276],[91.0045682,29.6477995],[91.0050522,29.6476773],[91.0053258,29.6485444],[91.0048449,29.6486623],[91.0044478,29.6487596],[91.0042123,29.6488174],[91.0038223,29.648913],[91.0033286,29.649034],[91.0030497,29.6481948]]}},{"type":"Feature","id":"way/259884004","properties":{"highway":"residential","osm_id":"way/259884004","source":"OpenStreetMap"},"geometry":{"type":"LineString","coordinates":[[91.0001422,29.6497426],[90.9998568,29.6485315],[90.999828,29.6484091],[90.999772,29.6481715]]}},{"type":"Feature","id":"way/259884020","properties":{"highway":"residential","osm_id":"way/259884020","source":"OpenStreetMap"},"geometry":{"type":"LineString","coordinates":[[90.9988493,29.6516773],[90.9998042,29.651365],[91.0007322,29.6511132]]}},{"type":"Feature","id":"way/259884022","properties":{"highway":"residential","osm_id":"way/259884022","source":"OpenStreetMap"},"geometry":{"type":"LineString","coordinates":[[91.0006357,29.648978],[91.0005075,29.6484222],[91.0004066,29.647985]]}},{"type":"Feature","id":"way/259884024","properties":{"highway":"residential","osm_id":"way/259884024","source":"OpenStreetMap"},"geometry":{"type":"LineString","coordinates":[[91.0042194,29.6483976],[91.0040609,29.6479276]]}},{"type":"Feature","id":"way/259884026","properties":{"highway":"residential","osm_id":"way/259884026","source":"OpenStreetMap"},"geometry":{"type":"LineString","coordinates":[[90.999536,29.6498685],[90.9992188,29.6485336],[90.9991782,29.6483626]]}},{"type":"Feature","id":"way/259884031","properties":{"highway":"residential","osm_id":"way/259884031","source":"OpenStreetMap"},"geometry":{"type":"LineString","coordinates":[[91.0028565,29.6436864],[91.0034895,29.643402],[91.0041118,29.6431503]]}},{"type":"Feature","id":"way/259884040","properties":{"highway":"unclassified","osm_id":"way/259884040","source":"OpenStreetMap"},"geometry":{"type":"LineString","coordinates":[[90.9917679,29.6430398],[90.9895981,29.644028],[90.9890154,29.6442627],[90.9880821,29.644588],[90.9871725,29.6448144],[90.9864192,29.6450326],[90.9857039,29.645292],[90.9801814,29.6477387],[90.9800847,29.6478029],[90.9799854,29.6479555],[90.9798505,29.6480617],[90.9796788,29.648124],[90.9795416,29.6481391],[90.9794144,29.6481179],[90.9793228,29.6481366],[90.9787787,29.6483386],[90.9758896,29.649668],[90.9746091,29.6501948],[90.9735615,29.6507962],[90.9728748,29.6512904],[90.9720755,29.6519664],[90.9716303,29.6525071],[90.970713,29.6538125],[90.9701728,29.6545257],[90.9694432,29.6552436],[90.9675479,29.6565443],[90.9671617,29.6567727],[90.9660137,29.6572016],[90.9641523,29.6576444],[90.9640343,29.6576724],[90.9561754,29.6594625],[90.9556336,29.6595417],[90.955301,29.6596676],[90.9519802,29.6604672],[90.9499382,29.6615719],[90.9481164,29.6631375],[90.9460044,29.6643813],[90.9431916,29.6652685],[90.9389975,29.6661644],[90.9356642,29.6665993],[90.9302294,29.6673552],[90.9276485,29.6677542],[90.9248713,29.6686025],[90.9183487,29.6709135],[90.9137708,29.6717178]]}},{"type":"Feature","id":"way/259884051","properties":{"highway":"tertiary","name":"东嘎东路","osm_id":"way/259884051","source":"OpenStreetMap"},"geometry":{"type":"LineString","coordinates":[[90.9816574,29.6526903],[90.9853811,29.6516458],[90.989587,29.6504661],[90.9917176,29.6498601],[90.9919227,29.6498081],[90.9959957,29.6487762],[90.9960917,29.6487543],[90.9977002,29.6483868],[90.9994145,29.6479952],[91.0016635,29.6474022],[91.0017189,29.6473868]]}},{"type":"Feature","id":"way/259884055","properties":{"highway":"unclassified","osm_id":"way/259884055","source":"OpenStreetMap"},"geometry":{"type":"LineString","coordinates":[[91.0033195,29.641351],[91.0044943,29.6407911],[91.0062691,29.6397512],[91.007317,29.6390639]]}},{"type":"Feature","id":"way/259884057","properties":{"highway":"residential","osm_id":"way/259884057","source":"OpenStreetMap"},"geometry":{"type":"LineString","coordinates":[[91.0038223,29.648913],[91.0035332,29.6480618]]}},{"type":"Feature","id":"way/259884064","properties":{"highway":"residential","osm_id":"way/259884064","source":"OpenStreetMap"},"geometry":{"type":"LineString","coordinates":[[90.9995113,29.6484738],[90.9994145,29.6479952]]}},{"type":"Feature","id":"way/259884070","properties":{"highway":"unclassified","osm_id":"way/259884070","source":"OpenStreetMap"},"geometry":{"type":"LineString","coordinates":[[91.0005445,29.6504466],[91.0007322,29.6511132],[91.0011323,29.652036]]}},{"type":"Feature","id":"way/259884084","properties":{"highway":"residential","osm_id":"way/259884084","source":"OpenStreetMap"},"geometry":{"type":"LineString","coordinates":[[91.0034895,29.643402],[91.002885,29.6414298],[91.003275,29.6412806]]}},{"type":"Feature","id":"way/259884088","properties":{"highway":"residential","osm_id":"way/259884088","source":"OpenStreetMap"},"geometry":{"type":"LineString","coordinates":[[90.9992188,29.6485336],[90.9995113,29.6484738],[90.999828,29.6484091]]}},{"type":"Feature","id":"way/259884096","properties":{"highway":"residential","osm_id":"way/259884096","source":"OpenStreetMap"},"geometry":{"type":"LineString","coordinates":[[91.0035754,29.6497892],[91.003334,29.6491086],[91.0032535,29.6490946],[91.002385,29.6493041]]}},{"type":"Feature","id":"way/259884112","properties":{"highway":"unclassified","osm_id":"way/259884112","source":"OpenStreetMap"},"geometry":{"type":"LineString","coordinates":[[91.0044659,29.6421758],[91.004144,29.6420826],[91.0039026,29.6420033],[91.0035807,29.6416816],[91.003452,29.6415604],[91.0033195,29.641351],[91.003275,29.6412806],[91.0030336,29.6411641],[91.0029048,29.6410615],[91.0028029,29.640861],[91.0024596,29.6395602],[91.0024757,29.6392152]]}},{"type":"Feature","id":"way/259884117","properties":{"highway":"residential","osm_id":"way/259884117","source":"OpenStreetMap"},"geometry":{"type":"LineString","coordinates":[[90.9995252,29.6502414],[90.9997291,29.6509081],[90.9998042,29.651365]]}},{"type":"Feature","id":"way/259884130","properties":{"highway":"residential","osm_id":"way/259884130","source":"OpenStreetMap"},"geometry":{"type":"LineString","coordinates":[[91.003577,29.6480498],[91.0032599,29.6470554]]}},{"type":"Feature","id":"way/259884135","properties":{"highway":"residential","osm_id":"way/259884135","source":"OpenStreetMap"},"geometry":{"type":"LineString","coordinates":[[91.0044478,29.6487596],[91.0043264,29.6483813],[91.0042194,29.6483976],[91.0041011,29.6484279],[91.0042123,29.6488174]]}},{"type":"Feature","id":"way/259885236","properties":{"highway":"unclassified","osm_id":"way/259885236","source":"OpenStreetMap"},"geometry":{"type":"LineString","coordinates":[[91.007183,29.6406257],[91.0062691,29.6397512],[91.0049379,29.6383526]]}},{"type":"Feature","id":"way/265383491","properties":{"highway":"residential","osm_id":"way/265383491","source":"OpenStreetMap"},"geometry":{"type":"LineString","coordinates":[[90.9813103,29.611325],[90.9818088,29.6113869],[90.9824323,29.611451],[90.9878446,29.6120074],[90.9881209,29.612047],[90.988551,29.612123],[90.9888501,29.612199],[90.9892995,29.6123586],[90.989553,29.6124164],[90.9897436,29.6124118],[90.9899692,29.6123571],[90.9908053,29.6119406],[90.9909689,29.6118217]]}},{"type":"Feature","id":"way/305663084","properties":{"highway":"secondary","name":"团结路","osm_id":"way/305663084","source":"OpenStreetMap"},"geometry":{"type":"LineString","coordinates":[[91.0081572,29.626711],[91.0079522,29.6267577],[91.0069005,29.6274871],[91.0063067,29.6279945],[91.003843,29.6299112],[91.0033608,29.6302863],[91.0016496,29.6315686],[91.0010702,29.6320862],[91.0006357,29.6325338],[91.000236,29.6329138],[91.0000654,29.6331446]]}},{"type":"Feature","id":"way/353756758","properties":{"highway":"tertiary","osm_id":"way/353756758","source":"OpenStreetMap"},"geometry":{"type":"LineString","coordinates":[[91.0069317,29.6460849],[91.0069528,29.6461497],[91.0085019,29.6496607],[91.0085487,29.6497666]]}},{"type":"Feature","id":"way/353757421","properties":{"highway":"residential","osm_id":"way/353757421","source":"OpenStreetMap"},"geometry":{"type":"LineString","coordinates":[[91.0186843,29.6481088],[91.0187002,29.648243],[91.0188208,29.6491837],[91.018924,29.6501407],[91.0190007,29.6509573],[91.0189747,29.6511602],[91.0189368,29.6512628]]}},{"type":"Feature","id":"way/361183375","properties":{"highway":"secondary","osm_id":"way/361183375","source":"OpenStreetMap"},"geometry":{"type":"LineString","coordinates":[[90.9909999,29.6219122],[90.9910026,29.6220217],[90.9909902,29.6234818],[90.9909757,29.6235815],[90.9908844,29.6242097],[90.9906774,29.6248164],[90.9906105,29.624898],[90.9902587,29.6253268],[90.9897004,29.6257703],[90.9893752,29.6259133],[90.9888726,29.6261343],[90.9882989,29.626272],[90.9875827,29.6264439],[90.9870112,29.6265983],[90.9846143,29.6271434],[90.984499,29.6271726],[90.9803766,29.6281919],[90.9764349,29.6291632],[90.9733372,29.6299199]]}},{"type":"Feature","id":"way/361183380","properties":{"highway":"primary","osm_id":"way/361183380","source":"OpenStreetMap"},"geometry":{"type":"LineString","coordinates":[[90.9973339,29.6219603],[90.9971569,29.6220069],[90.9940819,29.6220159],[90.9910026,29.6220217],[90.9836224,29.62201],[90.9835079,29.6220101],[90.9815798,29.6220226],[90.9797052,29.6220161],[90.9757978,29.6220211],[90.9737347,29.6220638],[90.9736241,29.622013]]}},{"type":"Feature","id":"way/361183381","properties":{"highway":"primary","osm_id":"way/361183381","source":"OpenStreetMap"},"geometry":{"type":"LineString","coordinates":[[90.9736597,29.6218533],[90.9737661,29.6219085],[90.9757984,29.6219077],[90.979701,29.6219061],[90.9815696,29.6218936],[90.9835105,29.6219021],[90.9836197,29.6219021],[90.9890082,29.6219095],[90.9909999,29.6219122],[90.9940792,29.6219145],[90.9954083,29.6219155],[90.9967872,29.6218976],[90.997071,29.6218926],[90.9972605,29.6218406]]}},{"type":"Feature","id":"way/369989472","properties":{"highway":"unclassified","osm_id":"way/369989472","source":"OpenStreetMap"},"geometry":{"type":"LineString","coordinates":[[90.9978317,29.6229313],[90.9980491,29.622873],[90.9981432,29.6228598],[90.9983624,29.6228708],[90.9985065,29.6228245],[90.9988265,29.622598],[90.9993495,29.6221153],[90.9995351,29.6220039],[91.0007956,29.621685],[91.0015094,29.6214692],[91.0019478,29.6212018],[91.0022784,29.6211149],[91.0035857,29.6192097],[91.0046853,29.6186482],[91.0046699,29.6179931]]}},{"type":"Feature","id":"way/369989474","properties":{"highway":"unclassified","osm_id":"way/369989474","source":"OpenStreetMap"},"geometry":{"type":"LineString","coordinates":[[90.9980136,29.6087631],[90.9980712,29.6088652],[90.9969121,29.6109566],[90.9967163,29.6115286],[90.9950695,29.6135715],[90.9948628,29.6137417],[90.993499,29.6156344],[90.9934017,29.6157695],[90.9908016,29.6193861],[90.9907413,29.6194708],[90.989284,29.6214372],[90.9890653,29.621777],[90.989027,29.6218367],[90.9890082,29.6219095]]}},{"type":"Feature","id":"way/369989478","properties":{"highway":"unclassified","osm_id":"way/369989478","source":"OpenStreetMap"},"geometry":{"type":"LineString","coordinates":[[91.0006912,29.609083],[91.0008717,29.609855],[91.0007738,29.6105641],[91.000763,29.6111881],[91.0002301,29.6121146],[90.9997081,29.6130034],[90.9990774,29.6140906],[90.9987402,29.6143742],[90.9986641,29.6147619],[90.9991644,29.6157073],[90.9990012,29.6165014],[90.9987837,29.6170498],[90.9984792,29.6173807],[90.9983487,29.617617],[90.9979355,29.6177305],[90.996935,29.6182032],[90.9972069,29.6185908],[90.9968589,29.6187704],[90.996848,29.6190257],[90.995812,29.6195068],[90.9956601,29.6195773]]}},{"type":"Feature","id":"way/369989483","properties":{"highway":"unclassified","osm_id":"way/369989483","source":"OpenStreetMap"},"geometry":{"type":"LineString","coordinates":[[90.9892858,29.6187554],[90.9908016,29.6193861],[90.9932878,29.6207218],[90.9954083,29.6219155]]}},{"type":"Feature","id":"way/369989491","properties":{"highway":"unclassified","osm_id":"way/369989491","source":"OpenStreetMap"},"geometry":{"type":"LineString","coordinates":[[91.0053636,29.6020743],[91.0054372,29.6022269],[91.0055363,29.6023377],[91.0056835,29.6024731],[91.0059667,29.6031402],[91.0059893,29.6033199],[91.0060261,29.6034085],[91.0061422,29.6035686],[91.0069969,29.6056957],[91.0069984,29.6057683],[91.0069672,29.6058336],[91.006861,29.6058939],[91.0068072,29.6059382],[91.006803,29.6060157],[91.006854,29.6061745],[91.0069484,29.6063865],[91.0071569,29.6065816],[91.0072461,29.606701],[91.0074103,29.6071035],[91.0076057,29.6076131],[91.0076623,29.6079577],[91.0076935,29.6081103],[91.0102593,29.6144162],[91.0105097,29.6152051],[91.0105845,29.6157339],[91.0106041,29.6163644],[91.0105455,29.6168026],[91.010461,29.6172777],[91.0102691,29.6179251],[91.0100642,29.6183606],[91.0097649,29.6188186],[91.0068125,29.6223401],[91.0042435,29.6255704],[91.0027598,29.6273765]]}},{"type":"Feature","id":"way/369991239","properties":{"highway":"tertiary","osm_id":"way/369991239","source":"OpenStreetMap"},"geometry":{"type":"LineString","coordinates":[[90.9940792,29.6219145],[90.9940819,29.6220159],[90.9940955,29.6234112],[90.9940357,29.6242903],[90.9938834,29.6249001],[90.9936579,29.6255614],[90.9931148,29.626476],[90.9923689,29.6273182],[90.9914154,29.62802],[90.9905157,29.6284879],[90.9902444,29.628562],[90.9885471,29.629016],[90.9877925,29.6292007],[90.985424,29.6297825],[90.9852887,29.6298158],[90.9850909,29.629878],[90.9812972,29.6307337]]}},{"type":"Feature","id":"way/369991247","properties":{"highway":"tertiary","osm_id":"way/369991247","source":"OpenStreetMap"},"geometry":{"type":"LineString","coordinates":[[91.0094073,29.6265197],[91.0145377,29.6225981]]}},{"type":"Feature","id":"way/369991250","properties":{"highway":"tertiary","osm_id":"way/369991250","source":"OpenStreetMap"},"geometry":{"type":"LineString","coordinates":[[91.0168936,29.6341172],[91.0169811,29.6340352],[91.0196206,29.632003]]}},{"type":"Feature","id":"way/369991256","properties":{"highway":"tertiary","osm_id":"way/369991256","source":"OpenStreetMap"},"geometry":{"type":"LineString","coordinates":[[90.9893752,29.6259133],[90.9902444,29.628562],[90.9911131,29.6311765],[90.9911593,29.6313497]]}},{"type":"Feature","id":"way/369991260","properties":{"highway":"tertiary","osm_id":"way/369991260","source":"OpenStreetMap"},"geometry":{"type":"LineString","coordinates":[[90.9906105,29.624898],[90.9936579,29.6255614],[90.9971997,29.6263082],[90.9973888,29.6263381]]}},{"type":"Feature","id":"way/369991269","properties":{"highway":"service","osm_id":"way/369991269","source":"OpenStreetMap"},"geometry":{"type":"LineString","coordinates":[[90.9895301,29.6315638],[90.9895871,29.6317463],[90.989554,29.6326552],[90.9883544,29.6350948],[90.9877162,29.6358234],[90.9868703,29.6355761],[90.9862628,29.6361976],[90.9859483,29.6364927],[90.9853046,29.6367154],[90.9850423,29.6366429],[90.9839337,29.6369071]]}},{"type":"Feature","id":"way/387646007","properties":{"highway":"service","osm_id":"way/387646007","source":"OpenStreetMap"},"geometry":{"type":"LineString","coordinates":[[91.0344868,29.640558],[91.0351012,29.640832],[91.0354214,29.6410344],[91.038073,29.6420619],[91.0391183,29.6424638],[91.0392098,29.6424941],[91.0413161,29.6431912]]}},{"type":"Feature","id":"way/396786546","properties":{"highway":"trunk","osm_id":"way/396786546","source":"OpenStreetMap"},"geometry":{"type":"LineString","coordinates":[[91.015377,29.6491251],[91.0154951,29.6494421],[91.0156278,29.6497196],[91.0159155,29.6501154],[91.0160273,29.6502241]]}},{"type":"Feature","id":"way/396786547","properties":{"highway":"trunk","osm_id":"way/396786547","source":"OpenStreetMap"},"geometry":{"type":"LineString","coordinates":[[91.0159522,29.6503099],[91.0157664,29.650143],[91.0155014,29.6497717],[91.0153351,29.6493307],[91.0152577,29.64904]]}},{"type":"Feature","id":"way/396786548","properties":{"highway":"trunk","osm_id":"way/396786548","source":"OpenStreetMap"},"geometry":{"type":"LineString","coordinates":[[91.0133064,29.6452998],[91.0134298,29.6454047],[91.0140896,29.6460761],[91.0143042,29.6463698],[91.0148138,29.6475842]]}},{"type":"Feature","id":"way/397931521","properties":{"waterway":"ditch","osm_id":"way/397931521","source":"OpenStreetMap"},"geometry":{"type":"LineString","coordinates":[[90.9895146,29.6567374],[90.989803,29.6565494],[90.9927905,29.6562863],[90.9935129,29.6562314],[90.9939288,29.6559808],[90.9945665,29.6555519],[90.9955148,29.655176],[90.9962523,29.6550748],[90.9972228,29.655176],[90.9979382,29.6553688],[90.9983672,29.6553907],[90.9988138,29.6552613],[91.0006116,29.6544553],[91.0010353,29.6543458],[91.0016995,29.654107],[91.0025354,29.65349],[91.0028102,29.6533109],[91.0032225,29.6532611],[91.0034057,29.6531516],[91.0034629,29.6529825],[91.0032568,29.6527536],[91.0031652,29.6524849],[91.0031881,29.6523854],[91.0034515,29.6522859],[91.0036805,29.6521863],[91.0040355,29.6519077],[91.0042416,29.6518679],[91.0044821,29.6519674],[91.00486,29.6519674],[91.0051119,29.6518281],[91.0055471,29.6517982],[91.0057875,29.6517286],[91.0059249,29.6513902],[91.0061196,29.6513205],[91.0062341,29.6514897],[91.0065204,29.6515892],[91.0067609,29.6515793],[91.0070701,29.6517584],[91.0073563,29.6516788],[91.0077113,29.6513703],[91.0083297,29.6511116],[91.0086618,29.6511812],[91.0088908,29.6512509],[91.0091427,29.6512011],[91.0092801,29.6509424],[91.0093145,29.650823],[91.0093717,29.6506637],[91.009555,29.650405],[91.0095893,29.6499373],[91.0095893,29.6498278],[91.0096466,29.6497581],[91.0098756,29.6496984],[91.0101046,29.6496387],[91.0104367,29.6494596],[91.0106314,29.6494596],[91.0106657,29.6495392],[91.0107917,29.649997],[91.0106199,29.6503652],[91.0107917,29.6505742],[91.0111467,29.6507732],[91.0113872,29.6507732],[91.0120857,29.6510021],[91.0127613,29.6510519],[91.0130934,29.6511514],[91.0135056,29.6512111],[91.0137461,29.6513703],[91.0141927,29.6514002],[91.0144217,29.6513504],[91.0147194,29.65144],[91.0151431,29.6513902],[91.0152576,29.6514599],[91.0154409,29.6516888],[91.0154752,29.6520371],[91.0162195,29.6529128],[91.0165173,29.6529924],[91.0169639,29.6534203],[91.0173418,29.6535696],[91.0178342,29.654097],[91.018567,29.6544851],[91.0192197,29.6551419],[91.0195976,29.6553011],[91.0201129,29.655729],[91.0204336,29.6557688],[91.0225062,29.6558086],[91.023033,29.6558485],[91.0234109,29.6559878],[91.023972,29.6560475],[91.0243957,29.6562465],[91.0247965,29.6564853],[91.0252316,29.6565351],[91.0261935,29.6560176],[91.028541,29.6556693],[91.0291136,29.6556793],[91.029606,29.6556992],[91.0297548,29.6555499],[91.0296861,29.6546643],[91.0295372,29.6540174],[91.0294571,29.6528133],[91.0296403,29.6523456],[91.0296289,29.6515892],[91.0297597,29.651233]]}},{"type":"Feature","id":"way/408117841","properties":{"name":"拉萨河","name:zh":"拉萨河","waterway":"river","osm_id":"way/408117841","source":"OpenStreetMap"},"geometry":{"type":"LineString","coordinates":[[91.3243891,29.6831247],[91.3208799,29.6818624],[91.3195528,29.6821006],[91.3165613,29.6804215],[91.3158933,29.6798372],[91.3151946,29.6793706],[91.3144864,29.6786894],[91.313476,29.6781785],[91.3113349,29.6778335],[91.3100054,29.6771249],[91.3087541,29.6760425],[91.3072365,29.6749513],[91.3050459,29.6717745],[91.3020759,29.670572],[91.300384,29.670055],[91.2964044,29.6706179],[91.2933152,29.6700025],[91.2912121,29.6684524],[91.2903363,29.667455],[91.2871937,29.6647753],[91.2861503,29.6638884],[91.2855987,29.6637419],[91.2841355,29.6642889],[91.2833969,29.6642596],[91.2810116,29.6628967],[91.2797211,29.662435],[91.2779228,29.662331],[91.2761246,29.6623576],[91.2688624,29.6630702],[91.2663378,29.6635973],[91.2617343,29.6619763],[91.2593498,29.662105],[91.2575047,29.6630363],[91.2559773,29.663519],[91.2537152,29.6651576],[91.2492522,29.6649039],[91.244817,29.6626653],[91.2434293,29.661747],[91.2412092,29.6605842],[91.2389481,29.6600007],[91.2365685,29.660897],[91.234159,29.6621347],[91.2311646,29.6624641],[91.2301278,29.6618985],[91.2289526,29.6606283],[91.2277854,29.6601426],[91.2263268,29.660118],[91.223227,29.6597326],[91.2216286,29.6599376],[91.2203039,29.6599305],[91.2191609,29.6595174],[91.2174143,29.6591893],[91.2163569,29.6585813],[91.2150024,29.6576324],[91.2125125,29.6554213],[91.2105381,29.6544521],[91.2087568,29.6542461],[91.2057351,29.6540413],[91.2038774,29.6547324],[91.2021239,29.6567214],[91.2005078,29.6583107],[91.1990403,29.6579633],[91.1965399,29.656306],[91.1916662,29.6526968],[91.1897842,29.6506062],[91.1891834,29.6493969],[91.1885705,29.6475697],[91.1867789,29.6463305],[91.1864078,29.6458018],[91.1863134,29.6451699],[91.1849007,29.6440495],[91.1842016,29.6432841],[91.1831562,29.6422887],[91.181888,29.6408008],[91.1805137,29.6404935],[91.1796355,29.6399792],[91.1787699,29.6389979],[91.1781538,29.6384511],[91.1746192,29.6363149],[91.1733296,29.6357904],[91.1717944,29.635399],[91.1701405,29.6354247],[91.1688852,29.6360308],[91.1674261,29.6365344],[91.1661386,29.6371592],[91.1652803,29.6376534],[91.1628808,29.6392069],[91.1624582,29.639867],[91.1621758,29.6402189],[91.1613068,29.6414051],[91.1606795,29.6422613],[91.1585249,29.6442732],[91.156648,29.6450438],[91.1552046,29.6454133],[91.1531415,29.645315],[91.1509464,29.644904],[91.149476,29.644173],[91.1478841,29.6420991],[91.1469827,29.6404572],[91.1447702,29.6392765],[91.1413867,29.6387691],[91.1393402,29.6379204],[91.1376329,29.6378316],[91.134628,29.6375232],[91.1316205,29.6359284],[91.1299374,29.6359204],[91.1293911,29.6360579],[91.128568,29.6361773],[91.127495,29.6362776],[91.1263581,29.6371944],[91.1253564,29.6378243],[91.1244105,29.6387914],[91.1233279,29.6394142],[91.1226405,29.6397193],[91.1221283,29.6398813],[91.1207721,29.6404349],[91.1195295,29.6407851],[91.118602,29.6410403],[91.1177084,29.6416899],[91.1159797,29.6425002],[91.115858,29.642633],[91.1152109,29.6424998],[91.1137283,29.6421947],[91.112061,29.6426024],[91.1092846,29.643194],[91.1043072,29.6442792],[91.1024952,29.6453371],[91.1018085,29.6457287],[91.1013579,29.6461576],[91.1007571,29.6464467],[91.0958004,29.6456914],[91.0936095,29.6446994],[91.0900415,29.6441934],[91.0876826,29.6423996],[91.085942,29.6413269],[91.0835596,29.6413627],[91.0782127,29.6424431],[91.0751195,29.6416018],[91.0739532,29.6405114],[91.0705648,29.6399201],[91.0672627,29.6382116],[91.0657502,29.6371758],[91.0653022,29.6352134],[91.0637815,29.6349134],[91.0610543,29.6345037],[91.056302,29.6332662],[91.0537763,29.6317157],[91.0507246,29.6312871],[91.0490654,29.6296987],[91.0476093,29.6287971],[91.0454505,29.6271757],[91.0431479,29.6254463],[91.0397619,29.6254655],[91.0361723,29.6258925],[91.0332756,29.6256114],[91.0316364,29.6237468]]}},{"type":"Feature","id":"way/415155996","properties":{"highway":"residential","osm_id":"way/415155996","source":"OpenStreetMap"},"geometry":{"type":"LineString","coordinates":[[90.9998568,29.6485315],[91.0005075,29.6484222]]}},{"type":"Feature","id":"way/438041025","properties":{"highway":"residential","osm_id":"way/438041025","source":"OpenStreetMap"},"geometry":{"type":"LineString","coordinates":[[90.996935,29.6182032],[90.9967753,29.61816],[90.9966534,29.6182024],[90.9965721,29.6182554],[90.9965233,29.6183261],[90.9961167,29.6185487]]}},{"type":"Feature","id":"way/438041026","properties":{"highway":"residential","osm_id":"way/438041026","source":"OpenStreetMap"},"geometry":{"type":"LineString","coordinates":[[90.9967753,29.61816],[90.9966412,29.6179267],[90.9963891,29.6176934],[90.9962956,29.6176652]]}},{"type":"Feature","id":"way/438041027","properties":{"highway":"residential","osm_id":"way/438041027","source":"OpenStreetMap"},"geometry":{"type":"LineString","coordinates":[[90.9981432,29.6228598],[90.9981007,29.62209],[90.9980438,29.6217366],[90.9979625,29.6212983]]}},{"type":"Feature","id":"way/448753030","properties":{"highway":"unclassified","osm_id":"way/448753030","source":"OpenStreetMap"},"geometry":{"type":"LineString","coordinates":[[90.9981244,29.6279857],[90.9977803,29.62939]]}},{"type":"Feature","id":"way/448753031","properties":{"highway":"unclassified","osm_id":"way/448753031","source":"OpenStreetMap"},"geometry":{"type":"LineString","coordinates":[[91.0005427,29.6230644],[91.0015614,29.623253]]}},{"type":"Feature","id":"way/448753032","properties":{"highway":"service","osm_id":"way/448753032","source":"OpenStreetMap"},"geometry":{"type":"LineString","coordinates":[[90.9996268,29.6288159],[91.0000874,29.6289012]]}},{"type":"Feature","id":"way/448753033","properties":{"highway":"service","osm_id":"way/448753033","source":"OpenStreetMap"},"geometry":{"type":"LineString","coordinates":[[90.9996919,29.6285502],[90.9999387,29.6285959]]}},{"type":"Feature","id":"way/448753035","properties":{"highway":"unclassified","osm_id":"way/448753035","source":"OpenStreetMap"},"geometry":{"type":"LineString","coordinates":[[91.0003321,29.6283945],[91.0008646,29.6267325]]}},{"type":"Feature","id":"way/448753036","properties":{"highway":"service","osm_id":"way/448753036","source":"OpenStreetMap"},"geometry":{"type":"LineString","coordinates":[[90.998389,29.6245325],[90.9991462,29.624676],[90.9999229,29.6248229]]}},{"type":"Feature","id":"way/448753037","properties":{"highway":"service","osm_id":"way/448753037","source":"OpenStreetMap"},"geometry":{"type":"LineString","coordinates":[[90.9975471,29.6274767],[90.9976539,29.627041],[90.9977848,29.6265068]]}},{"type":"Feature","id":"way/448753038","properties":{"highway":"unclassified","osm_id":"way/448753038","source":"OpenStreetMap"},"geometry":{"type":"LineString","coordinates":[[90.9983576,29.6262684],[90.9981459,29.6271321],[90.9979449,29.6279525]]}},{"type":"Feature","id":"way/448753039","properties":{"highway":"unclassified","osm_id":"way/448753039","source":"OpenStreetMap"},"geometry":{"type":"LineString","coordinates":[[90.997318,29.6293044],[90.9977803,29.62939],[90.9987595,29.6295712]]}},{"type":"Feature","id":"way/448753040","properties":{"highway":"service","osm_id":"way/448753040","source":"OpenStreetMap"},"geometry":{"type":"LineString","coordinates":[[90.9980756,29.6258116],[90.9988336,29.6259519],[90.9994394,29.6260641]]}},{"type":"Feature","id":"way/448753041","properties":{"highway":"service","osm_id":"way/448753041","source":"OpenStreetMap"},"geometry":{"type":"LineString","coordinates":[[90.9981996,29.6253055],[90.9989575,29.6254459],[90.999735,29.6255898],[91.0014239,29.6259025]]}},{"type":"Feature","id":"way/448753042","properties":{"highway":"service","osm_id":"way/448753042","source":"OpenStreetMap"},"geometry":{"type":"LineString","coordinates":[[90.9993624,29.6237935],[90.9991462,29.624676],[90.9989575,29.6254459],[90.9988336,29.6259519]]}},{"type":"Feature","id":"way/448753043","properties":{"highway":"service","osm_id":"way/448753043","source":"OpenStreetMap"},"geometry":{"type":"LineString","coordinates":[[91.000324,29.6288445],[91.0004469,29.6284163],[91.0005121,29.6281892],[91.0009029,29.6282739]]}},{"type":"Feature","id":"way/448753044","properties":{"highway":"unclassified","osm_id":"way/448753044","source":"OpenStreetMap"},"geometry":{"type":"LineString","coordinates":[[90.9970656,29.6269382],[90.997226,29.6269662],[90.9976539,29.627041],[90.9977577,29.6270602],[90.9981459,29.6271321]]}},{"type":"Feature","id":"way/448753045","properties":{"highway":"unclassified","osm_id":"way/448753045","source":"OpenStreetMap"},"geometry":{"type":"LineString","coordinates":[[91.0007956,29.621685],[91.0008247,29.6217654],[91.0008475,29.6218285],[91.0005427,29.6230644],[91.0005236,29.6231295],[91.0003273,29.6239722]]}},{"type":"Feature","id":"way/448753046","properties":{"highway":"unclassified","osm_id":"way/448753046","source":"OpenStreetMap"},"geometry":{"type":"LineString","coordinates":[[90.9986044,29.6236532],[90.998389,29.6245325],[90.9981996,29.6253055],[90.9980756,29.6258116],[90.9980054,29.6260979]]}},{"type":"Feature","id":"way/448753047","properties":{"highway":"service","osm_id":"way/448753047","source":"OpenStreetMap"},"geometry":{"type":"LineString","coordinates":[[90.9987595,29.6295712],[90.9994121,29.6296921],[90.9996268,29.6288159],[90.9996919,29.6285502],[90.9997562,29.6282879]]}},{"type":"Feature","id":"way/448753048","properties":{"highway":"unclassified","osm_id":"way/448753048","source":"OpenStreetMap"},"geometry":{"type":"LineString","coordinates":[[91.0032712,29.6245172],[91.0018288,29.6242502],[91.0003273,29.6239722],[91.0001399,29.6239375],[90.9993624,29.6237935],[90.9986044,29.6236532]]}},{"type":"Feature","id":"way/448753049","properties":{"highway":"unclassified","osm_id":"way/448753049","source":"OpenStreetMap"},"geometry":{"type":"LineString","coordinates":[[90.9975869,29.6278862],[90.9979449,29.6279525],[90.9981244,29.6279857],[90.9991035,29.628167],[90.9997562,29.6282879],[91.0003321,29.6283945],[91.0004469,29.6284163],[91.000896,29.6284989]]}},{"type":"Feature","id":"way/448753050","properties":{"highway":"unclassified","osm_id":"way/448753050","source":"OpenStreetMap"},"geometry":{"type":"LineString","coordinates":[[91.0005236,29.6231295],[91.0003459,29.6230966],[91.0001399,29.6239375],[90.9999229,29.6248229],[90.999735,29.6255898],[90.9995162,29.6264829],[90.9991035,29.628167],[90.9987595,29.6295712]]}},{"type":"Feature","id":"way/448753051","properties":{"highway":"unclassified","osm_id":"way/448753051","source":"OpenStreetMap"},"geometry":{"type":"LineString","coordinates":[[91.0018288,29.6242502],[91.0014239,29.6259025],[91.0013452,29.6262238],[91.0012882,29.6262133],[91.0011481,29.626785],[91.0008646,29.6267325],[90.9995162,29.6264829],[90.9983576,29.6262684],[90.9980725,29.6262156]]}},{"type":"Feature","id":"way/448753052","properties":{"waterway":"river","osm_id":"way/448753052","source":"OpenStreetMap"},"geometry":{"type":"LineString","coordinates":[[90.9959214,29.6356924],[90.9959934,29.6348536],[90.9959183,29.6338931],[90.9960577,29.6334921],[90.9968812,29.6323964],[90.997146,29.6320779],[90.9979626,29.6314614],[90.9983529,29.6316304]]}},{"type":"Feature","id":"way/448754235","properties":{"highway":"unclassified","osm_id":"way/448754235","source":"OpenStreetMap"},"geometry":{"type":"LineString","coordinates":[[91.0226359,29.6420584],[91.0227263,29.6423354],[91.0246702,29.6447137],[91.0250886,29.6451869],[91.0251816,29.6452417],[91.026425,29.6455054],[91.0278638,29.6457965],[91.0279827,29.6457976],[91.0280337,29.6457277],[91.0280793,29.6452661],[91.0281195,29.6452032],[91.0281996,29.6451898],[91.0291709,29.6452944],[91.0292541,29.6453034]]}},{"type":"Feature","id":"way/448754236","properties":{"highway":"service","osm_id":"way/448754236","source":"OpenStreetMap"},"geometry":{"type":"LineString","coordinates":[[91.0300115,29.6448256],[91.0300237,29.6445762],[91.0300534,29.6439677],[91.03004,29.6438418],[91.029922,29.6437486],[91.0296377,29.6436646],[91.0295438,29.6436763],[91.0294338,29.6437229],[91.0286828,29.6443174],[91.0286719,29.644407],[91.0286413,29.6446588],[91.0285992,29.6449973],[91.0292124,29.6450667],[91.0297296,29.6451277]]}},{"type":"Feature","id":"way/448754237","properties":{"highway":"service","osm_id":"way/448754237","source":"OpenStreetMap"},"geometry":{"type":"LineString","coordinates":[[91.0264224,29.6443354],[91.0264659,29.64434],[91.0265031,29.64436],[91.0265273,29.6443918],[91.0265339,29.6444294],[91.0265217,29.644466],[91.0264971,29.6444919],[91.0264632,29.644508],[91.0264248,29.6445119],[91.0263875,29.6445032],[91.0263566,29.644483],[91.0263366,29.6444543],[91.0263303,29.6444226],[91.0263374,29.6443909],[91.0263571,29.6443636],[91.0263868,29.6443443],[91.0264224,29.6443354]]}},{"type":"Feature","id":"way/448754238","properties":{"highway":"service","osm_id":"way/448754238","source":"OpenStreetMap"},"geometry":{"type":"LineString","coordinates":[[91.0122418,29.6492659],[91.0128363,29.6494108]]}},{"type":"Feature","id":"way/448754239","properties":{"highway":"service","osm_id":"way/448754239","source":"OpenStreetMap"},"geometry":{"type":"LineString","coordinates":[[91.0301797,29.6451276],[91.0297344,29.6450907]]}},{"type":"Feature","id":"way/448754240","properties":{"highway":"service","osm_id":"way/448754240","source":"OpenStreetMap"},"geometry":{"type":"LineString","coordinates":[[91.0268104,29.6445409],[91.0268542,29.6442521]]}},{"type":"Feature","id":"way/448754241","properties":{"highway":"service","osm_id":"way/448754241","source":"OpenStreetMap"},"geometry":{"type":"LineString","coordinates":[[91.0273404,29.6446238],[91.0273069,29.6448216]]}},{"type":"Feature","id":"way/448754242","properties":{"highway":"unclassified","osm_id":"way/448754242","source":"OpenStreetMap"},"geometry":{"type":"LineString","coordinates":[[91.0286719,29.644407],[91.0300237,29.6445762]]}},{"type":"Feature","id":"way/448754243","properties":{"highway":"service","osm_id":"way/448754243","source":"OpenStreetMap"},"geometry":{"type":"LineString","coordinates":[[91.0170809,29.6506408],[91.0171082,29.6505731],[91.0172034,29.6503234]]}},{"type":"Feature","id":"way/448754244","properties":{"highway":"service","osm_id":"way/448754244","source":"OpenStreetMap"},"geometry":{"type":"LineString","coordinates":[[91.0257707,29.6442323],[91.0263374,29.6443909]]}},{"type":"Feature","id":"way/448754245","properties":{"highway":"service","osm_id":"way/448754245","source":"OpenStreetMap"},"geometry":{"type":"LineString","coordinates":[[91.026425,29.6455054],[91.026408,29.6453574],[91.0264184,29.6450234],[91.0264248,29.6445119]]}},{"type":"Feature","id":"way/448754246","properties":{"highway":"service","osm_id":"way/448754246","source":"OpenStreetMap"},"geometry":{"type":"LineString","coordinates":[[91.0300115,29.6448256],[91.029773,29.6447924],[91.0286413,29.6446588]]}},{"type":"Feature","id":"way/448754247","properties":{"highway":"service","osm_id":"way/448754247","source":"OpenStreetMap"},"geometry":{"type":"LineString","coordinates":[[91.0291709,29.6452944],[91.0291951,29.6451614],[91.0292124,29.6450667]]}},{"type":"Feature","id":"way/448754248","properties":{"highway":"unclassified","osm_id":"way/448754248","source":"OpenStreetMap"},"geometry":{"type":"LineString","coordinates":[[91.0263735,29.647637],[91.0263769,29.6474964],[91.0263791,29.6474036],[91.026425,29.6455054]]}},{"type":"Feature","id":"way/448754249","properties":{"highway":"service","osm_id":"way/448754249","source":"OpenStreetMap"},"geometry":{"type":"LineString","coordinates":[[91.0257707,29.6442323],[91.0256105,29.6444961]]}},{"type":"Feature","id":"way/448754250","properties":{"highway":"service","osm_id":"way/448754250","source":"OpenStreetMap"},"geometry":{"type":"LineString","coordinates":[[91.0261649,29.6450307],[91.0262158,29.6449771],[91.0264184,29.6450234]]}},{"type":"Feature","id":"way/448754251","properties":{"highway":"service","osm_id":"way/448754251","source":"OpenStreetMap"},"geometry":{"type":"LineString","coordinates":[[91.0265756,29.6447149],[91.0273069,29.6448216],[91.0274778,29.6448465],[91.0273788,29.6454181]]}},{"type":"Feature","id":"way/448754252","properties":{"highway":"service","osm_id":"way/448754252","source":"OpenStreetMap"},"geometry":{"type":"LineString","coordinates":[[91.0142022,29.6498314],[91.0141727,29.6496076],[91.0138777,29.6494211],[91.0136417,29.6494351],[91.0136281,29.6497535]]}},{"type":"Feature","id":"way/448754253","properties":{"highway":"service","osm_id":"way/448754253","source":"OpenStreetMap"},"geometry":{"type":"LineString","coordinates":[[91.0160836,29.6499819],[91.01681,29.6502126],[91.0172034,29.6503234],[91.0179017,29.650497],[91.0182799,29.6505227]]}},{"type":"Feature","id":"way/448754254","properties":{"highway":"service","osm_id":"way/448754254","source":"OpenStreetMap"},"geometry":{"type":"LineString","coordinates":[[91.029773,29.6447924],[91.0297344,29.6450907],[91.0297296,29.6451277],[91.0297124,29.6452609],[91.0301539,29.6453041]]}},{"type":"Feature","id":"way/448754255","properties":{"highway":"service","osm_id":"way/448754255","source":"OpenStreetMap"},"geometry":{"type":"LineString","coordinates":[[91.0266071,29.6445091],[91.0265756,29.6447149],[91.0264894,29.6452825],[91.0273788,29.6454181],[91.0276743,29.6454631]]}},{"type":"Feature","id":"way/448754256","properties":{"highway":"service","osm_id":"way/448754256","source":"OpenStreetMap"},"geometry":{"type":"LineString","coordinates":[[91.0256105,29.6444961],[91.0254535,29.6450665],[91.0261528,29.6451752],[91.0261649,29.6450307],[91.0260884,29.6449549],[91.0260992,29.6445866],[91.0256105,29.6444961]]}},{"type":"Feature","id":"way/448754257","properties":{"highway":"service","osm_id":"way/448754257","source":"OpenStreetMap"},"geometry":{"type":"LineString","coordinates":[[91.0264971,29.6444919],[91.0266071,29.6445091],[91.0268104,29.6445409],[91.0273404,29.6446238],[91.0275569,29.6446577]]}},{"type":"Feature","id":"way/448754258","properties":{"highway":"service","osm_id":"way/448754258","source":"OpenStreetMap"},"geometry":{"type":"LineString","coordinates":[[91.0301539,29.6453041],[91.0301797,29.6451276],[91.0301915,29.645047],[91.0301835,29.6449654],[91.0300923,29.6448908],[91.0300115,29.6448256]]}},{"type":"Feature","id":"way/448754259","properties":{"highway":"service","osm_id":"way/448754259","source":"OpenStreetMap"},"geometry":{"type":"LineString","coordinates":[[91.0146019,29.6497312],[91.0142022,29.6498314],[91.0136281,29.6497535],[91.0122757,29.6494271],[91.0122418,29.6492659],[91.0121344,29.6487484]]}},{"type":"Feature","id":"way/448754260","properties":{"highway":"service","osm_id":"way/448754260","source":"OpenStreetMap"},"geometry":{"type":"LineString","coordinates":[[91.0188208,29.6491837],[91.0157452,29.6493478],[91.0154656,29.648843],[91.015479,29.6486519],[91.015605,29.648547],[91.0158277,29.6484794],[91.0187002,29.648243]]}},{"type":"Feature","id":"way/448754261","properties":{"highway":"service","osm_id":"way/448754261","source":"OpenStreetMap"},"geometry":{"type":"LineString","coordinates":[[91.0159155,29.6501154],[91.0160836,29.6499819],[91.0164036,29.6497278],[91.0165917,29.6496842],[91.0167706,29.6496728],[91.0179462,29.6495979],[91.0181229,29.6496625],[91.0182089,29.6501465]]}},{"type":"Feature","id":"way/448754262","properties":{"highway":"service","osm_id":"way/448754262","source":"OpenStreetMap"},"geometry":{"type":"LineString","coordinates":[[91.018924,29.6501407],[91.0182089,29.6501465],[91.0181095,29.6501474],[91.017954,29.6501171],[91.0175999,29.6500285],[91.0169159,29.6498677],[91.0167818,29.6497931],[91.0167706,29.6496728]]}},{"type":"Feature","id":"way/448754263","properties":{"waterway":"river","osm_id":"way/448754263","source":"OpenStreetMap"},"geometry":{"type":"LineString","coordinates":[[91.0231606,29.6475513],[91.022855,29.6473536],[91.022619,29.6470809],[91.0226056,29.6468175],[91.0225788,29.6464375],[91.022594,29.6460104]]}},{"type":"Feature","id":"way/463696434","properties":{"highway":"trunk","name":"青藏公路","osm_id":"way/463696434","source":"OpenStreetMap"},"geometry":{"type":"LineString","coordinates":[[91.0174262,29.648167],[91.0164231,29.648223],[91.015774,29.648216],[91.0148137,29.6482766],[91.0146287,29.6482882],[91.0144812,29.6482953],[91.0140386,29.6483046],[91.0134995,29.6483768],[91.0129979,29.648463],[91.0124132,29.6485773],[91.0121128,29.6486426],[91.0117172,29.6487439],[91.010545,29.6491103],[91.0091152,29.6495747],[91.0085487,29.6497666],[91.0032006,29.6514797],[91.0031473,29.6514985],[91.0011936,29.6521773],[90.9997074,29.6526719],[90.9959891,29.6538205],[90.9923889,29.6549326],[90.9907254,29.6554282],[90.9905202,29.6554893],[90.9881274,29.6560472],[90.9872375,29.6562447],[90.9834002,29.6571419],[90.9830394,29.6572286]]}},{"type":"Feature","id":"way/463696477","properties":{"highway":"trunk_link","osm_id":"way/463696477","source":"OpenStreetMap"},"geometry":{"type":"LineString","coordinates":[[91.0148393,29.6465679],[91.0150847,29.6467661],[91.0156586,29.6471227],[91.0162434,29.6474584],[91.016737,29.6476775]]}},{"type":"Feature","id":"way/463696478","properties":{"highway":"trunk_link","osm_id":"way/463696478","source":"OpenStreetMap"},"geometry":{"type":"LineString","coordinates":[[91.014744,29.6465866],[91.014913,29.646864],[91.0149827,29.6471181],[91.0149559,29.6473302],[91.0148915,29.64754],[91.0148003,29.6477405],[91.0146367,29.6479654],[91.0144865,29.6481402],[91.0143538,29.6482836],[91.0141553,29.6484747],[91.0139842,29.6485939],[91.0138229,29.6486707],[91.013655,29.6487195],[91.0134847,29.6487451]]}},{"type":"Feature","id":"way/463696479","properties":{"highway":"trunk_link","osm_id":"way/463696479","source":"OpenStreetMap"},"geometry":{"type":"LineString","coordinates":[[91.0174262,29.648167],[91.0166833,29.6483092],[91.0159349,29.6483698],[91.0157204,29.6484071],[91.0155648,29.6484701],[91.0154441,29.6486076],[91.015369,29.6487871],[91.015377,29.6491251]]}},{"type":"Feature","id":"way/463696480","properties":{"highway":"trunk_link","osm_id":"way/463696480","source":"OpenStreetMap"},"geometry":{"type":"LineString","coordinates":[[91.0175281,29.6478919],[91.0176931,29.6479059],[91.0181518,29.6479607]]}},{"type":"Feature","id":"way/463696482","properties":{"highway":"trunk","osm_id":"way/463696482","source":"OpenStreetMap"},"geometry":{"type":"LineString","coordinates":[[91.0148138,29.6475842],[91.0149667,29.6479712],[91.015377,29.6491251]]}},{"type":"Feature","id":"way/463696483","properties":{"highway":"trunk","osm_id":"way/463696483","source":"OpenStreetMap"},"geometry":{"type":"LineString","coordinates":[[91.0152577,29.64904],[91.0150105,29.6484061],[91.0147172,29.6476309]]}},{"type":"Feature","id":"way/463696484","properties":{"highway":"trunk","osm_id":"way/463696484","source":"OpenStreetMap"},"geometry":{"type":"LineString","coordinates":[[91.0147172,29.6476309],[91.0142317,29.646428],[91.0140279,29.6461483],[91.0138991,29.6459945],[91.0136712,29.6457707]]}},{"type":"Feature","id":"way/518262717","properties":{"highway":"primary","osm_id":"way/518262717","source":"OpenStreetMap"},"geometry":{"type":"LineString","coordinates":[[91.0125096,29.6447082],[91.0123691,29.6447603],[91.0069317,29.6460849],[91.0032395,29.6469904],[91.0019056,29.6473085],[91.0017189,29.6473868]]}},{"type":"Feature","id":"way/518262718","properties":{"highway":"primary","name":"团结路","osm_id":"way/518262718","source":"OpenStreetMap"},"geometry":{"type":"LineString","coordinates":[[91.0031473,29.6514985],[91.0031008,29.6513727],[91.0023308,29.6493189],[91.0016635,29.6474022],[91.0016495,29.647351],[91.0009185,29.6444221],[91.0003017,29.641019],[91.0000662,29.6397193],[90.9996939,29.6378167],[90.9992218,29.6349766],[90.9992312,29.6344307],[90.9995652,29.6337047],[90.9997023,29.6334601]]}},{"type":"Feature","id":"way/518262719","properties":{"highway":"primary","osm_id":"way/518262719","source":"OpenStreetMap"},"geometry":{"type":"LineString","coordinates":[[90.9749722,29.6352012],[90.974875,29.635104],[90.9740188,29.6325737],[90.9732161,29.6299393],[90.9723844,29.6271648],[90.9723169,29.6267564],[90.9723469,29.626322],[90.9727261,29.6248811],[90.9736241,29.622013],[90.9736597,29.6218533],[90.9737706,29.6215452],[90.9740549,29.6210556],[90.9748918,29.6201719],[90.9769362,29.6185847],[90.977253,29.6184307],[90.9788132,29.6176722],[90.9813452,29.6164877],[90.984419,29.6150467],[90.9910718,29.6119893]]}},{"type":"Feature","id":"way/518262720","properties":{"highway":"primary","osm_id":"way/518262720","source":"OpenStreetMap"},"geometry":{"type":"LineString","coordinates":[[90.9911382,29.6120877],[90.9891794,29.6129998],[90.9891047,29.6130347],[90.9844833,29.6151912],[90.9813988,29.6166322],[90.9788614,29.6177981],[90.9770107,29.6186772],[90.9749454,29.6202698],[90.97413,29.6211371],[90.9738618,29.6216221],[90.9737661,29.6219085],[90.9737347,29.6220638],[90.9728234,29.6249303],[90.9724721,29.6263795],[90.9724402,29.6267936],[90.9725075,29.627199],[90.9733372,29.6299199],[90.9741374,29.6325437],[90.9750089,29.6350698],[90.9749722,29.6352012]]}},{"type":"Feature","id":"way/518262723","properties":{"highway":"trunk","osm_id":"way/518262723","source":"OpenStreetMap"},"geometry":{"type":"LineString","coordinates":[[90.9750089,29.6350698],[90.9752723,29.6350078],[90.978102,29.6343458],[90.9820909,29.6333824],[90.9850621,29.6326895],[90.988513,29.6318164],[90.9895301,29.6315638],[90.9911131,29.6311765],[90.9935227,29.6306089],[90.9944055,29.6304009],[90.9959353,29.6300289],[90.9964527,29.629841],[90.9965972,29.6298134]]}},{"type":"Feature","id":"way/518262755","properties":{"highway":"trunk","name":"拉贡路","osm_id":"way/518262755","source":"OpenStreetMap"},"geometry":{"type":"LineString","coordinates":[[90.9981385,29.6324638],[90.9985596,29.6327133],[90.9990182,29.6329325],[90.9995493,29.6332076],[90.9997794,29.6333288],[90.9999004,29.6333851],[91.000339,29.6336232],[91.0006958,29.6338157],[91.0025248,29.6347875],[91.00341,29.635445],[91.0044181,29.6362305],[91.0062926,29.6378325],[91.0069977,29.6385015],[91.0074048,29.6389915],[91.0076297,29.6392621],[91.0081167,29.6400604],[91.008275,29.6403199],[91.0089685,29.6413806],[91.0097784,29.6423598],[91.010326,29.6429005],[91.0109501,29.6434627],[91.0125096,29.6447082],[91.0132501,29.6452625],[91.0133064,29.6452998]]}},{"type":"Feature","id":"way/518262758","properties":{"highway":"trunk","name":"北京西路","osm_id":"way/518262758","source":"OpenStreetMap"},"geometry":{"type":"LineString","coordinates":[[91.0160273,29.6502241],[91.0163316,29.6504252],[91.0170809,29.6506408],[91.0173,29.6507039],[91.0189747,29.6511602],[91.0214047,29.6518456],[91.026555,29.6532431],[91.0270434,29.6532936]]}},{"type":"Feature","id":"way/625867341","properties":{"highway":"trunk_link","osm_id":"way/625867341","source":"OpenStreetMap"},"geometry":{"type":"LineString","coordinates":[[91.0154069,29.6481013],[91.0156318,29.6480131],[91.0157231,29.6479689],[91.0159269,29.6477824],[91.015951,29.6476192],[91.0159054,29.6474654],[91.0158116,29.6473395],[91.0156909,29.6472556],[91.0155836,29.647216],[91.01542,29.6472113],[91.0151786,29.6472696],[91.0150042,29.6474374],[91.0149452,29.6476379],[91.0149667,29.6479712]]}},{"type":"Feature","id":"way/625867342","properties":{"highway":"trunk_link","osm_id":"way/625867342","source":"OpenStreetMap"},"geometry":{"type":"LineString","coordinates":[[91.0148137,29.6482766],[91.0145255,29.6483407],[91.0143109,29.6484141],[91.0141821,29.6484957],[91.0140922,29.6486157],[91.0140453,29.6488116],[91.0140628,29.6489759],[91.0141459,29.6491286],[91.0142975,29.6492451],[91.0144839,29.6493092],[91.0146824,29.6492778],[91.0148607,29.6492067],[91.0149895,29.6490831],[91.0150203,29.6490062]]}},{"type":"Feature","id":"way/625867343","properties":{"highway":"trunk_link","osm_id":"way/625867343","source":"OpenStreetMap"},"geometry":{"type":"LineString","coordinates":[[91.0154092,29.6502393],[91.0149827,29.649948],[91.0145563,29.6495423],[91.0141245,29.6492137],[91.0137489,29.6490015],[91.0134003,29.6488687],[91.0130006,29.6487451]]}},{"type":"Feature","id":"way/625867344","properties":{"highway":"trunk_link","osm_id":"way/625867344","source":"OpenStreetMap"},"geometry":{"type":"LineString","coordinates":[[91.0154092,29.6502393],[91.0152081,29.6500062],[91.0150847,29.6497754],[91.0150337,29.6494887],[91.0151008,29.6491391],[91.0152322,29.6488104],[91.0154226,29.648491],[91.0157874,29.6480971],[91.0160342,29.6479106],[91.0162702,29.647815],[91.0165706,29.6477638]]}},{"type":"Feature","id":"way/625867345","properties":{"highway":"trunk_link","osm_id":"way/625867345","source":"OpenStreetMap"},"geometry":{"type":"LineString","coordinates":[[91.012444,29.6487207],[91.0121344,29.6487484],[91.0117172,29.6487439]]}},{"type":"Feature","id":"way/625868096","properties":{"highway":"trunk","name":"拉贡路","osm_id":"way/625868096","source":"OpenStreetMap"},"geometry":{"type":"LineString","coordinates":[[90.9980205,29.6325594],[90.9976155,29.6322796],[90.997138,29.6317714]]}},{"type":"Feature","id":"way/625868097","properties":{"highway":"trunk","name":"拉贡路","osm_id":"way/625868097","source":"OpenStreetMap"},"geometry":{"type":"LineString","coordinates":[[90.997138,29.6317714],[90.9968511,29.6312958],[90.9967679,29.6311256],[90.9965694,29.6305287],[90.99645,29.6299715],[90.9964527,29.629841],[90.9964621,29.6294423],[90.9965292,29.6290063],[90.9966874,29.6284211],[90.9970656,29.6269382],[90.9971997,29.6263082],[90.9977013,29.6245087],[90.9977898,29.6239398],[90.9977308,29.623245],[90.9975994,29.622802],[90.9971569,29.6220069],[90.997071,29.6218926],[90.9967652,29.6214263],[90.9956601,29.6195773],[90.9934017,29.6157695],[90.992184,29.6137641],[90.9914222,29.6125539],[90.9911382,29.6120877]]}},{"type":"Feature","id":"way/625868101","properties":{"highway":"trunk","name":"拉贡路","osm_id":"way/625868101","source":"OpenStreetMap"},"geometry":{"type":"LineString","coordinates":[[90.9913051,29.6120148],[90.993499,29.6156344],[90.995812,29.6195068],[90.9966177,29.6208107],[90.9972605,29.6218406],[90.9973339,29.6219603],[90.9977603,29.62276],[90.9978317,29.6229313],[90.9978755,29.6232322],[90.9979695,29.6238792],[90.9978944,29.6243875],[90.9973888,29.6263381],[90.997226,29.6269662],[90.9967015,29.6289646],[90.9966606,29.6291205],[90.9965972,29.6298134],[90.9965855,29.6299412],[90.9967407,29.6306336],[90.9970254,29.6312492],[90.997315,29.6316711]]}},{"type":"Feature","id":"way/625868371","properties":{"highway":"trunk","name":"金珠西路 འཅིངས་གྲོལ་ནུབ་ལམ།","osm_id":"way/625868371","source":"OpenStreetMap"},"geometry":{"type":"LineString","coordinates":[[91.0528783,29.64605],[91.0521971,29.6460655],[91.0500571,29.6461997],[91.0484778,29.6463009],[91.0470349,29.6463896],[91.0460825,29.6464377],[91.0446501,29.6465221],[91.0436303,29.6465866],[91.0427181,29.6466417],[91.0420462,29.6466883],[91.0414202,29.6467221],[91.0407224,29.6467576],[91.0368399,29.6470074],[91.0363883,29.6470198],[91.0361921,29.6470308],[91.0346273,29.6471187],[91.0337307,29.6471808],[91.0328541,29.6472208],[91.0309551,29.6473408],[91.0288893,29.6474702],[91.0281696,29.6475169],[91.0273138,29.6475397],[91.0263735,29.647637],[91.0233036,29.6478295]]}},{"type":"Feature","id":"way/625868372","properties":{"highway":"trunk","name":"金珠西路","osm_id":"way/625868372","source":"OpenStreetMap"},"geometry":{"type":"LineString","coordinates":[[91.0154069,29.6481013],[91.0156614,29.6480901],[91.0159537,29.6480878],[91.0165388,29.6480745],[91.0181518,29.6479607],[91.0187861,29.6479735],[91.019391,29.6479484],[91.0219032,29.6477695],[91.0223986,29.6477444],[91.0225252,29.6477359],[91.0225883,29.6477317],[91.0230256,29.6477024]]}},{"type":"Feature","id":"way/737998674","properties":{"highway":"service","osm_id":"way/737998674","source":"OpenStreetMap"},"geometry":{"type":"LineString","coordinates":[[90.9935613,29.6307223],[90.9935227,29.6306089],[90.9933248,29.63],[90.9932542,29.6297827]]}},{"type":"Feature","id":"way/737999889","properties":{"highway":"service","osm_id":"way/737999889","source":"OpenStreetMap"},"geometry":{"type":"LineString","coordinates":[[90.9912989,29.6302839],[90.9913471,29.6303889],[90.9914008,29.6304378],[90.9914893,29.6304518],[90.9923342,29.6302326],[90.9933248,29.63],[90.9948689,29.6296311]]}},{"type":"Feature","id":"way/741064204","properties":{"highway":"trunk_link","osm_id":"way/741064204","source":"OpenStreetMap"},"geometry":{"type":"LineString","coordinates":[[91.0166952,29.6506296],[91.0165304,29.6506333],[91.0163641,29.6505983],[91.015774,29.6504141],[91.0154092,29.6502393]]}},{"type":"Feature","id":"way/741064205","properties":{"highway":"trunk_link","osm_id":"way/741064205","source":"OpenStreetMap"},"geometry":{"type":"LineString","coordinates":[[91.0150203,29.6490062],[91.0150592,29.6489025],[91.0150565,29.6487649],[91.0150105,29.6484061]]}},{"type":"Feature","id":"way/741064206","properties":{"highway":"trunk_link","osm_id":"way/741064206","source":"OpenStreetMap"},"geometry":{"type":"LineString","coordinates":[[91.0165706,29.6477638],[91.0167101,29.6477638],[91.017209,29.6478255]]}},{"type":"Feature","id":"way/741064207","properties":{"highway":"trunk_link","osm_id":"way/741064207","source":"OpenStreetMap"},"geometry":{"type":"LineString","coordinates":[[91.0143457,29.6460982],[91.014744,29.6465866]]}},{"type":"Feature","id":"way/741064208","properties":{"highway":"trunk_link","osm_id":"way/741064208","source":"OpenStreetMap"},"geometry":{"type":"LineString","coordinates":[[91.0134847,29.6487451],[91.0130006,29.6487451]]}},{"type":"Feature","id":"way/741064209","properties":{"highway":"trunk_link","osm_id":"way/741064209","source":"OpenStreetMap"},"geometry":{"type":"LineString","coordinates":[[91.0130006,29.6487451],[91.0127217,29.6487218],[91.012444,29.6487207]]}},{"type":"Feature","id":"way/741064210","properties":{"highway":"trunk_link","osm_id":"way/741064210","source":"OpenStreetMap"},"geometry":{"type":"LineString","coordinates":[[91.0143457,29.6460982],[91.0148393,29.6465679]]}},{"type":"Feature","id":"way/741064211","properties":{"highway":"trunk_link","osm_id":"way/741064211","source":"OpenStreetMap"},"geometry":{"type":"LineString","coordinates":[[91.0134298,29.6454047],[91.0137489,29.6455702],[91.0143457,29.6460982]]}},{"type":"Feature","id":"way/741064212","properties":{"highway":"trunk_link","osm_id":"way/741064212","source":"OpenStreetMap"},"geometry":{"type":"LineString","coordinates":[[91.016737,29.6476775],[91.017209,29.6478255]]}},{"type":"Feature","id":"way/741064213","properties":{"highway":"trunk_link","osm_id":"way/741064213","source":"OpenStreetMap"},"geometry":{"type":"LineString","coordinates":[[91.017209,29.6478255],[91.0175281,29.6478919]]}},{"type":"Feature","id":"way/741064214","properties":{"highway":"trunk","name":"金珠西路","osm_id":"way/741064214","source":"OpenStreetMap"},"geometry":{"type":"LineString","coordinates":[[91.0230124,29.6478474],[91.0226361,29.647872],[91.0225437,29.6478781],[91.0224112,29.6478869],[91.0218775,29.6479174],[91.019341,29.648074],[91.0186843,29.6481088],[91.0183436,29.6481136],[91.0178688,29.6481414],[91.0174262,29.648167]]}},{"type":"Feature","id":"way/741066624","properties":{"highway":"trunk","name":"北京西路","osm_id":"way/741066624","source":"OpenStreetMap"},"geometry":{"type":"LineString","coordinates":[[91.0236275,29.6525586],[91.0213611,29.6519503],[91.0189368,29.6512628],[91.0166952,29.6506296],[91.0163642,29.6505102],[91.0161346,29.6504032],[91.0159522,29.6503099]]}},{"type":"Feature","id":"way/821403516","properties":{"highway":"trunk","name":"金珠西路 འཅིངས་གྲོལ་ནུབ་ལམ།","osm_id":"way/821403516","source":"OpenStreetMap"},"geometry":{"type":"LineString","coordinates":[[91.0233098,29.6476834],[91.0233433,29.6476812],[91.0250166,29.6475691],[91.0263769,29.6474964],[91.0320683,29.647146],[91.0360624,29.6469064],[91.0363824,29.6468872],[91.0398917,29.6466767],[91.0414099,29.6465856],[91.0439068,29.6464358],[91.0468397,29.6462598],[91.0512353,29.6459961],[91.0536416,29.6458985],[91.0541817,29.6459208],[91.0581746,29.6461739],[91.0608635,29.646387],[91.0645512,29.6466286],[91.0658106,29.6467111],[91.0722146,29.6471294]]}},{"type":"Feature","id":"way/821403517","properties":{"highway":"trunk","name":"金珠西路","osm_id":"way/821403517","source":"OpenStreetMap"},"geometry":{"type":"LineString","coordinates":[[91.0230256,29.6477024],[91.0233098,29.6476834]]}},{"type":"Feature","id":"way/821403518","properties":{"highway":"trunk","name":"金珠西路","osm_id":"way/821403518","source":"OpenStreetMap"},"geometry":{"type":"LineString","coordinates":[[91.0233036,29.6478295],[91.0230124,29.6478474]]}},{"type":"Feature","id":"way/842337904","properties":{"highway":"service","osm_id":"way/842337904","source":"OpenStreetMap"},"geometry":{"type":"LineString","coordinates":[[90.9977308,29.623245],[90.9978755,29.6232322]]}},{"type":"Feature","id":"way/961119073","properties":{"leisure":"park","osm_id":"way/961119073","source":"OpenStreetMap"},"geometry":{"type":"Polygon","coordinates":[[[91.0606778,29.6390923],[91.0384752,29.6330715],[91.0380977,29.6329929],[91.0377143,29.6329351],[91.0307337,29.631145],[91.0314664,29.6297744],[91.0320382,29.6301215],[91.0320737,29.6301676],[91.0321236,29.6301734],[91.0321601,29.6301956],[91.0322989,29.6303247],[91.0323881,29.6303732],[91.0324785,29.6303699],[91.0326075,29.6304461],[91.032658,29.6304978],[91.0329803,29.6306935],[91.0341706,29.6305337],[91.0353259,29.6303895],[91.0359049,29.630337],[91.0364818,29.6302981],[91.0370706,29.6302772],[91.0376476,29.63027],[91.0382219,29.6302805],[91.0387995,29.6303077],[91.03938,29.6303504],[91.0399494,29.6304139],[91.0405146,29.6304895],[91.0410767,29.6305818],[91.0416279,29.6306846],[91.0421744,29.6308096],[91.0446332,29.6314224],[91.0446949,29.6314484],[91.0448236,29.6315235],[91.0450075,29.6315949],[91.0450881,29.6316379],[91.0451591,29.6316893],[91.0452211,29.631748],[91.0452695,29.6318122],[91.0454982,29.6321588],[91.0456985,29.6320617],[91.045684,29.6320359],[91.0456776,29.6320073],[91.04568,29.6319816],[91.0456888,29.6319558],[91.0457073,29.6319318],[91.0457335,29.6319153],[91.0457683,29.6319049],[91.0458039,29.6319041],[91.0463447,29.6320334],[91.0463618,29.6320031],[91.0463849,29.6319753],[91.0464112,29.6319523],[91.0464442,29.631933],[91.0464828,29.6319185],[91.0465206,29.6319097],[91.0465614,29.6319075],[91.0466001,29.6319137],[91.0468205,29.6319667],[91.0473124,29.6320849],[91.0474044,29.632107],[91.0474489,29.6321209],[91.0474898,29.6321415],[91.0475249,29.6321717],[91.0475488,29.6322086],[91.0475657,29.6322473],[91.0475701,29.6322903],[91.0475644,29.6323281],[91.0475524,29.6323665],[91.0481038,29.6324934],[91.0481686,29.6325083],[91.0485385,29.6325934],[91.0485495,29.632551],[91.049821,29.6327235],[91.0503335,29.6328643],[91.05119,29.6331203],[91.0520426,29.6333951],[91.0528827,29.6336931],[91.0537129,29.6340168],[91.0545343,29.6343554],[91.0553419,29.6347129],[91.0562971,29.6351689],[91.0572327,29.6356574],[91.059386,29.6368664],[91.060889,29.6377394],[91.0616316,29.6381896],[91.0623486,29.6386707],[91.0624467,29.6387215],[91.0624545,29.638713],[91.0632519,29.6392454],[91.0633845,29.6393322],[91.0635235,29.6394149],[91.0636688,29.6394928],[91.0638174,29.6395664],[91.0638798,29.6395617],[91.0639518,29.6395653],[91.064027,29.6395807],[91.0640942,29.6396058],[91.0651502,29.6401144],[91.0651993,29.6400904],[91.0652525,29.6400737],[91.0653116,29.6400717],[91.0653643,29.6400825],[91.0657389,29.6402633],[91.0660008,29.6403897],[91.0660322,29.6404076],[91.0660591,29.6404304],[91.0660822,29.6404571],[91.0660974,29.6404868],[91.0661068,29.6405158],[91.0661083,29.6405469],[91.0661047,29.6405775],[91.0660953,29.6406077],[91.0669958,29.6410379],[91.0671538,29.6411543],[91.0696788,29.642209],[91.0700491,29.642352],[91.0704244,29.6424874],[91.0708107,29.6426145],[91.0712072,29.6427296],[91.0714168,29.6427243],[91.0713897,29.6428108],[91.071373,29.6428623],[91.0709364,29.6427823],[91.0705025,29.6426855],[91.0700725,29.6425756],[91.0696477,29.6424511],[91.069229,29.6423149],[91.0688182,29.6421652],[91.0684158,29.642002],[91.0680212,29.6418275],[91.0650342,29.6404311],[91.0646287,29.6402637],[91.0642132,29.640105],[91.0637875,29.6399661],[91.0633567,29.6398405],[91.0606684,29.6391185],[91.0606778,29.6390923]]]}},{"type":"Feature","id":"way/961119077","properties":{"highway":"unclassified","osm_id":"way/961119077","source":"OpenStreetMap"},"geometry":{"type":"LineString","coordinates":[[91.0333674,29.633601],[91.0282569,29.6344909],[91.0273054,29.6346559],[91.0265649,29.6349115],[91.0253697,29.6353841],[91.0244447,29.6356669],[91.024041,29.6357602]]}},{"type":"Feature","id":"way/961119080","properties":{"leisure":"park","osm_id":"way/961119080","source":"OpenStreetMap"},"geometry":{"type":"Polygon","coordinates":[[[91.0174626,29.6234511],[91.0182175,29.6237803],[91.0190676,29.6241977],[91.0195009,29.62476],[91.0196029,29.6250232],[91.0195351,29.6254813],[91.0196652,29.6260898],[91.0198441,29.6264864],[91.0200858,29.6267149],[91.0209067,29.6268765],[91.0224702,29.6278041],[91.0244343,29.6281179],[91.0246312,29.6282219],[91.0246734,29.6284194],[91.0244723,29.6286116],[91.0242135,29.6287041],[91.024232,29.6288773],[91.0253565,29.6287632],[91.025676,29.6287675],[91.0268237,29.6303099],[91.0233048,29.6320192],[91.0230724,29.6327171],[91.0238225,29.634168],[91.0223329,29.6344251],[91.0200298,29.6316243],[91.0184345,29.6287775],[91.0167019,29.6249664],[91.0146418,29.6200346],[91.0154447,29.6203928],[91.0164906,29.6213663],[91.0169132,29.6234878],[91.0174626,29.6234511]]]}},{"type":"Feature","id":"way/961119086","properties":{"name":"拉萨河","name:zh":"拉萨河","waterway":"river","osm_id":"way/961119086","source":"OpenStreetMap"},"geometry":{"type":"LineString","coordinates":[[91.0316364,29.6237468],[91.0303619,29.6220057],[91.0298192,29.6193404],[91.030385,29.6155638],[91.0284859,29.6110372],[91.0262239,29.6059801],[91.0248235,29.6043359],[91.0200361,29.6006937],[91.0168774,29.5998734]]}},{"type":"Feature","id":"way/973207579","properties":{"highway":"service","osm_id":"way/973207579","source":"OpenStreetMap"},"geometry":{"type":"LineString","coordinates":[[90.9909757,29.6235815],[90.988089,29.6235957],[90.9880008,29.6236304],[90.987717,29.6240385],[90.9879053,29.6245518],[90.9878527,29.6248847],[90.9882989,29.626272]]}},{"type":"Feature","id":"way/1010358692","properties":{"landuse":"industrial","osm_id":"way/1010358692","source":"OpenStreetMap"},"geometry":{"type":"Polygon","coordinates":[[[90.9859637,29.6140262],[90.9863843,29.6119631],[90.9883593,29.6121524],[90.9879088,29.6131709],[90.9859637,29.6140262]]]}},{"type":"Feature","id":"way/1010358693","properties":{"highway":"service","osm_id":"way/1010358693","source":"OpenStreetMap"},"geometry":{"type":"LineString","coordinates":[[90.9913841,29.6142066],[90.9902293,29.6134451],[90.989558,29.6137679],[90.988885,29.6140915],[90.9889977,29.6153189],[90.9900941,29.6164157],[90.9917162,29.6156257],[90.9913841,29.6142066]]}},{"type":"Feature","id":"way/1010358721","properties":{"highway":"service","osm_id":"way/1010358721","source":"OpenStreetMap"},"geometry":{"type":"LineString","coordinates":[[90.9967015,29.6289646],[90.9969672,29.6290107],[90.9969433,29.6297672],[90.9970079,29.6297746]]}},{"type":"Feature","id":"way/1010358723","properties":{"landuse":"industrial","osm_id":"way/1010358723","source":"OpenStreetMap"},"geometry":{"type":"Polygon","coordinates":[[[90.9897972,29.6338763],[90.9896771,29.6318658],[90.990398,29.6316961],[90.9959176,29.6307561],[90.9965034,29.6314677],[90.996939,29.631905],[90.9959627,29.6331975],[90.9952192,29.6351818],[90.9940177,29.6345095],[90.9891814,29.6355082],[90.9889711,29.6372836],[90.9898348,29.6372967],[90.9901727,29.6393201],[90.9874392,29.639653],[90.9886107,29.638687],[90.9876269,29.6378711],[90.9878447,29.635815],[90.9884905,29.6351426],[90.9890688,29.6338829],[90.9897972,29.6338763]]]}},{"type":"Feature","id":"way/1010358724","properties":{"landuse":"industrial","name":"拉萨皮革厂","osm_id":"way/1010358724","source":"OpenStreetMap"},"geometry":{"type":"Polygon","coordinates":[[[90.990766,29.6393331],[90.9906984,29.637251],[90.9922048,29.6371984],[90.9921539,29.6350373],[90.9940317,29.6346989],[90.9950315,29.6354951],[90.9937698,29.6392287],[90.9926809,29.6396138],[90.9925983,29.6393462],[90.990766,29.6393331]]]}},{"type":"Feature","id":"way/1010358736","properties":{"landuse":"industrial","name":"西藏祁连山水泥厂","osm_id":"way/1010358736","source":"OpenStreetMap"},"geometry":{"type":"Polygon","coordinates":[[[90.9831144,29.6357654],[90.9842859,29.6342119],[90.9848416,29.6343163],[90.9841207,29.6351127],[90.9844286,29.6352106],[90.9847966,29.6347798],[90.9849693,29.6350278],[90.9854349,29.6347471],[90.9867791,29.6349429],[90.9870119,29.6347863],[90.9873123,29.6347732],[90.9875076,29.6346296],[90.9883712,29.6337876],[90.9887166,29.6340617],[90.9882285,29.6350213],[90.9876503,29.635661],[90.9873649,29.6376518],[90.9865013,29.6369403],[90.9850219,29.6387092],[90.982829,29.6374886],[90.983212,29.636281],[90.9835425,29.6361113],[90.9831144,29.6357654]]]}},{"type":"Feature","id":"way/1010358745","properties":{"landuse":"industrial","osm_id":"way/1010358745","source":"OpenStreetMap"},"geometry":{"type":"Polygon","coordinates":[[[90.9818678,29.6217829],[90.981267,29.6214434],[90.9835124,29.6189822],[90.9841132,29.6195567],[90.9836025,29.620314],[90.9840156,29.6207906],[90.9849242,29.6201116],[90.9864637,29.6201377],[90.987057,29.6194653],[90.9875827,29.619635],[90.988221,29.6188973],[90.9887993,29.6188582],[90.9880483,29.6217241],[90.9818678,29.6217829]]]}},{"type":"Feature","id":"way/1010358756","properties":{"landuse":"industrial","osm_id":"way/1010358756","source":"OpenStreetMap"},"geometry":{"type":"Polygon","coordinates":[[[91.0094619,29.6262926],[91.0081468,29.6250177],[91.0109569,29.6229204],[91.0122153,29.6242528],[91.0094619,29.6262926]]]}},{"type":"Feature","id":"way/1010358758","properties":{"highway":"cycleway","osm_id":"way/1010358758","source":"OpenStreetMap"},"geometry":{"type":"LineString","coordinates":[[90.9985767,29.6319384],[90.9986195,29.631905],[91.0036053,29.6280181],[91.0076537,29.6249197],[91.0137723,29.6202369],[91.0140502,29.6201782],[91.0142605,29.6201847],[91.0145608,29.6203414],[91.014711,29.6204981],[91.0183485,29.6287978],[91.0188066,29.6297378],[91.0196477,29.6312327],[91.020226,29.6320943],[91.0222836,29.634516]]}},{"type":"Feature","id":"way/1010358759","properties":{"highway":"service","osm_id":"way/1010358759","source":"OpenStreetMap"},"geometry":{"type":"LineString","coordinates":[[91.0184927,29.6353277],[91.0186127,29.6352848],[91.0222836,29.634516],[91.0225162,29.6344732],[91.0228806,29.6344061],[91.0231556,29.6343555]]}},{"type":"Feature","id":"way/1010358760","properties":{"landuse":"industrial","osm_id":"way/1010358760","source":"OpenStreetMap"},"geometry":{"type":"Polygon","coordinates":[[[91.0197078,29.6321596],[91.0172521,29.6340722],[91.0185213,29.6351688],[91.0216753,29.6345552],[91.0197078,29.6321596]]]}},{"type":"Feature","id":"way/1010358761","properties":{"landuse":"industrial","osm_id":"way/1010358761","source":"OpenStreetMap"},"geometry":{"type":"Polygon","coordinates":[[[91.01952,29.6319246],[91.0184086,29.6299989],[91.017177,29.6310042],[91.0172446,29.6317484],[91.0175675,29.6315264],[91.0186039,29.6326035],[91.01952,29.6319246]]]}},{"type":"Feature","id":"way/1010358763","properties":{"landuse":"industrial","osm_id":"way/1010358763","source":"OpenStreetMap"},"geometry":{"type":"Polygon","coordinates":[[[91.0057105,29.6315153],[91.0042723,29.6301089],[91.0042723,29.6298128],[91.0060227,29.6283407],[91.0064201,29.6283489],[91.0079529,29.6298046],[91.0057105,29.6315153]]]}},{"type":"Feature","id":"way/1010358764","properties":{"landuse":"industrial","osm_id":"way/1010358764","source":"OpenStreetMap"},"geometry":{"type":"Polygon","coordinates":[[[91.0075839,29.6332753],[91.0059565,29.6317291],[91.0081232,29.6300431],[91.0098547,29.631688],[91.0075839,29.6332753]]]}},{"type":"Feature","id":"way/1010358765","properties":{"landuse":"industrial","osm_id":"way/1010358765","source":"OpenStreetMap"},"geometry":{"type":"Polygon","coordinates":[[[91.003118,29.6337523],[91.0013771,29.6319923],[91.0034208,29.6303721],[91.0040452,29.6303803],[91.0055023,29.6318936],[91.003118,29.6337523]]]}},{"type":"Feature","id":"way/1010358766","properties":{"landuse":"industrial","osm_id":"way/1010358766","source":"OpenStreetMap"},"geometry":{"type":"Polygon","coordinates":[[[91.0100534,29.6314495],[91.0084165,29.6298128],[91.0105643,29.6281844],[91.0120403,29.6295743],[91.0120498,29.6299938],[91.0100534,29.6314495]]]}},{"type":"Feature","id":"way/1010358767","properties":{"landuse":"industrial","osm_id":"way/1010358767","source":"OpenStreetMap"},"geometry":{"type":"Polygon","coordinates":[[[91.0081611,29.6296566],[91.0066377,29.6280939],[91.0066377,29.6278307],[91.0081705,29.6268109],[91.0086531,29.6267615],[91.0092018,29.6269014],[91.0102048,29.6276333],[91.0101669,29.6281433],[91.0081611,29.6296566]]]}},{"type":"Feature","id":"way/1010358768","properties":{"landuse":"industrial","osm_id":"way/1010358768","source":"OpenStreetMap"},"geometry":{"type":"Polygon","coordinates":[[[91.0119836,29.6333986],[91.0103656,29.6317785],[91.0123147,29.6302076],[91.012731,29.6302323],[91.014103,29.6315975],[91.0141124,29.6318278],[91.0119836,29.6333986]]]}},{"type":"Feature","id":"way/1010358769","properties":{"landuse":"industrial","osm_id":"way/1010358769","source":"OpenStreetMap"},"geometry":{"type":"Polygon","coordinates":[[[90.99742,29.6349816],[90.997486,29.6344891],[90.9978172,29.6326962],[90.9995108,29.6335433],[90.9991327,29.6348934],[90.9981291,29.6350618],[90.9977793,29.6350676],[90.99742,29.6349816]]]}},{"type":"Feature","id":"way/1010358771","properties":{"landuse":"industrial","osm_id":"way/1010358771","source":"OpenStreetMap"},"geometry":{"type":"Polygon","coordinates":[[[91.0289844,29.6313998],[91.0265433,29.630635],[91.0235433,29.6322503],[91.0233931,29.6324525],[91.0233424,29.6326776],[91.0233867,29.6330138],[91.0241383,29.6341561],[91.0257012,29.6337848],[91.0274232,29.6328802],[91.0289844,29.6313998]]]}},{"type":"Feature","id":"way/1010358772","properties":{"landuse":"industrial","osm_id":"way/1010358772","source":"OpenStreetMap"},"geometry":{"type":"Polygon","coordinates":[[[91.0384306,29.638208],[91.0332929,29.6349924],[91.0338322,29.6324923],[91.0401431,29.6341042],[91.0384306,29.638208]]]}},{"type":"Feature","id":"way/1010358774","properties":{"highway":"service","osm_id":"way/1010358774","source":"OpenStreetMap"},"geometry":{"type":"LineString","coordinates":[[91.0238051,29.6342466],[91.0236192,29.6338883],[91.0233432,29.633592],[91.0230218,29.6330269],[91.0230229,29.6325107],[91.0229043,29.6324869],[91.0227728,29.6324127]]}},{"type":"Feature","id":"way/1010358775","properties":{"highway":"footway","osm_id":"way/1010358775","source":"OpenStreetMap"},"geometry":{"type":"LineString","coordinates":[[91.0209164,29.6319519],[91.0216231,29.6319044]]}},{"type":"Feature","id":"way/1010358776","properties":{"highway":"footway","osm_id":"way/1010358776","source":"OpenStreetMap"},"geometry":{"type":"LineString","coordinates":[[91.0216231,29.6319044],[91.0217494,29.6318508],[91.0217625,29.6316402],[91.0214835,29.6313131]]}},{"type":"Feature","id":"way/1010358777","properties":{"highway":"footway","osm_id":"way/1010358777","source":"OpenStreetMap"},"geometry":{"type":"LineString","coordinates":[[91.0230549,29.6315942],[91.0228875,29.6312982],[91.0226801,29.6311126],[91.0225916,29.6311274],[91.0214835,29.6313131],[91.0211395,29.6312271],[91.0207037,29.6307754],[91.0206932,29.6307115],[91.0206075,29.6301916],[91.0204882,29.630084],[91.0203826,29.6300155],[91.019915,29.6297125],[91.0196934,29.6292875],[91.0195235,29.6290567],[91.0193775,29.6289113],[91.0193463,29.6286293],[91.0193252,29.6284379],[91.0193206,29.6283961],[91.0196864,29.6281684]]}},{"type":"Feature","id":"way/1010358778","properties":{"highway":"footway","osm_id":"way/1010358778","source":"OpenStreetMap"},"geometry":{"type":"LineString","coordinates":[[91.0233402,29.6316334],[91.0234225,29.631472],[91.0234956,29.6310159],[91.0235059,29.6306148],[91.02374,29.6304716],[91.024579,29.6305286],[91.0250239,29.6304049],[91.025197,29.6302619],[91.0251903,29.6301215],[91.0250658,29.6299973],[91.0248675,29.6299411],[91.0247319,29.6296898],[91.0238881,29.6295038],[91.0235051,29.6295886],[91.0230967,29.6297791]]}},{"type":"Feature","id":"way/1010358779","properties":{"highway":"footway","osm_id":"way/1010358779","source":"OpenStreetMap"},"geometry":{"type":"LineString","coordinates":[[91.0233681,29.6288911],[91.023479,29.6287925],[91.0236996,29.628664],[91.0242464,29.6284837],[91.0242779,29.6283977],[91.0242155,29.6283157],[91.0238806,29.6281394],[91.0230094,29.6280285],[91.022799,29.6280651],[91.0226387,29.6280139],[91.0223697,29.6278588],[91.0219581,29.6277869],[91.0216708,29.6276475],[91.0214891,29.6274358],[91.0212922,29.6273518],[91.0210029,29.6273804],[91.0209052,29.6274719],[91.02096,29.6276825],[91.0211714,29.627898],[91.0212767,29.6282569],[91.0213484,29.6288055],[91.0214625,29.6288945],[91.0215304,29.6289623],[91.0216692,29.6291238]]}},{"type":"Feature","id":"way/1010358780","properties":{"highway":"service","osm_id":"way/1010358780","source":"OpenStreetMap"},"geometry":{"type":"LineString","coordinates":[[91.0230229,29.6325107],[91.023145,29.6321883],[91.0230549,29.6315942],[91.0233402,29.6316334],[91.023145,29.6321883]]}},{"type":"Feature","id":"way/1010358781","properties":{"highway":"service","osm_id":"way/1010358781","source":"OpenStreetMap"},"geometry":{"type":"LineString","coordinates":[[91.0224179,29.6321848],[91.0224891,29.6321587],[91.0225661,29.6321537],[91.0226409,29.6321703],[91.0227057,29.6322069],[91.0227537,29.6322595],[91.0227798,29.6323227],[91.0227728,29.6324127],[91.0227565,29.6324563],[91.0227079,29.6325118],[91.0226408,29.6325502],[91.0225629,29.632567],[91.0224829,29.6325604],[91.02241,29.6325312],[91.0223524,29.6324825],[91.0223167,29.63242],[91.0223067,29.6323534],[91.0223217,29.6322876],[91.0223601,29.6322293],[91.0224179,29.6321848]]}},{"type":"Feature","id":"way/1010358782","properties":{"highway":"service","osm_id":"way/1010358782","source":"OpenStreetMap"},"geometry":{"type":"LineString","coordinates":[[91.0223217,29.6322876],[91.0220837,29.6319758],[91.0219867,29.6317299],[91.0220007,29.6315856],[91.0221568,29.631437],[91.0223787,29.6313981],[91.0224123,29.63141],[91.0225219,29.6314488],[91.0226287,29.6316363],[91.0226409,29.6321703]]}},{"type":"Feature","id":"way/1010358783","properties":{"highway":"footway","osm_id":"way/1010358783","source":"OpenStreetMap"},"geometry":{"type":"LineString","coordinates":[[91.0218295,29.6289227],[91.0217553,29.6289424],[91.0214625,29.6288945],[91.0207468,29.629028],[91.0204036,29.6290272],[91.0201761,29.6289577]]}},{"type":"Feature","id":"way/1010358784","properties":{"highway":"footway","osm_id":"way/1010358784","source":"OpenStreetMap"},"geometry":{"type":"LineString","coordinates":[[91.0224957,29.6288204],[91.0228861,29.6286144],[91.0229687,29.6284773],[91.0228872,29.6283597]]}},{"type":"Feature","id":"way/1010358785","properties":{"natural":"water","osm_id":"way/1010358785","source":"OpenStreetMap"},"geometry":{"type":"Polygon","coordinates":[[[91.0213998,29.6287191],[91.0214952,29.6284756],[91.0214952,29.6282062],[91.0213283,29.6280766],[91.0213343,29.6279367],[91.021072,29.6276881],[91.021072,29.6276],[91.021227,29.6274394],[91.0213522,29.6274808],[91.0216383,29.6278642],[91.0219244,29.6279678],[91.0224191,29.627973],[91.0226456,29.628258],[91.0232655,29.6281854],[91.0236112,29.6281492],[91.0238854,29.6282735],[91.023933,29.6283564],[91.0238079,29.6284393],[91.0236171,29.6284082],[91.0232416,29.6285792],[91.0229524,29.6283184],[91.0227946,29.6282994],[91.0226515,29.6283357],[91.0225681,29.6285429],[91.0225025,29.6285637],[91.0222343,29.6285481],[91.0220913,29.6285844],[91.0219124,29.6287502],[91.0220019,29.6289833],[91.022288,29.6289626],[91.0224131,29.6290766],[91.0226992,29.6290196],[91.0229138,29.629118],[91.0229853,29.6290611],[91.0229615,29.628916],[91.0231463,29.6288227],[91.0233251,29.6289212],[91.0242135,29.6287041],[91.024232,29.6288773],[91.0238675,29.628916],[91.0233489,29.6289937],[91.0234681,29.6293408],[91.0234085,29.6295014],[91.0231582,29.6296621],[91.0229436,29.6295999],[91.0230569,29.6294185],[91.023039,29.6292113],[91.0228125,29.6291958],[91.0226456,29.6293046],[91.0223178,29.6293823],[91.0219005,29.6293408],[91.0218238,29.6292215],[91.0216993,29.6292613],[91.0217456,29.6297035],[91.0216561,29.6298589],[91.0215131,29.6299159],[91.0214952,29.6300196],[91.0216621,29.6300299],[91.0220019,29.6302009],[91.0219661,29.6303615],[91.0218409,29.6303719],[91.0217754,29.6306361],[91.0216621,29.630662],[91.0212806,29.6304496],[91.0211376,29.6302113],[91.0212275,29.6301265],[91.0211966,29.6299603],[91.0205177,29.6298848],[91.0199336,29.6295895],[91.0198024,29.6293564],[91.0198322,29.6290455],[91.0199634,29.6289833],[91.020017,29.628802],[91.0195283,29.6284652],[91.0194806,29.6282994],[91.0198084,29.6283823],[91.0198859,29.6282424],[91.0195521,29.6279989],[91.0195402,29.627771],[91.0192422,29.6276207],[91.0194329,29.6273254],[91.0197786,29.6275015],[91.0196832,29.6277502],[91.0196892,29.6279782],[91.0199157,29.6280456],[91.0203389,29.6279005],[91.0205833,29.6277813],[91.0208098,29.6278487],[91.0210243,29.6279937],[91.0211018,29.6282113],[91.0210661,29.6285015],[91.0210065,29.6287346],[91.0206429,29.6288072],[91.0201183,29.6288538],[91.0201243,29.6290921],[91.02047,29.6291491],[91.0210601,29.6290144],[91.021382,29.6291284],[91.0215364,29.62917],[91.021898,29.6290937],[91.0219124,29.6289833],[91.0218588,29.6287761],[91.0213998,29.6287191]]]}},{"type":"Feature","id":"way/1010358786","properties":{"waterway":"weir","osm_id":"way/1010358786","source":"OpenStreetMap"},"geometry":{"type":"LineString","coordinates":[[91.0192422,29.6276207],[91.0194329,29.6273254]]}},{"type":"Feature","id":"way/1010358787","properties":{"waterway":"weir","osm_id":"way/1010358787","source":"OpenStreetMap"},"geometry":{"type":"LineString","coordinates":[[91.024232,29.6288773],[91.0242135,29.6287041]]}},{"type":"Feature","id":"way/1010358788","properties":{"highway":"footway","osm_id":"way/1010358788","source":"OpenStreetMap"},"geometry":{"type":"LineString","coordinates":[[91.0199359,29.6288844],[91.0198478,29.6288575],[91.0196376,29.6289163],[91.0195235,29.6290567]]}},{"type":"Feature","id":"way/1010358789","properties":{"highway":"footway","osm_id":"way/1010358789","source":"OpenStreetMap"},"geometry":{"type":"LineString","coordinates":[[91.0201761,29.6289577],[91.0199359,29.6288844]]}},{"type":"Feature","id":"way/1010358790","properties":{"highway":"footway","osm_id":"way/1010358790","source":"OpenStreetMap"},"geometry":{"type":"LineString","coordinates":[[91.023479,29.6287925],[91.023117,29.6287256],[91.0227668,29.6288239],[91.0224957,29.6288204],[91.0221984,29.6288249],[91.0220382,29.6288673]]}},{"type":"Feature","id":"way/1010358791","properties":{"highway":"footway","osm_id":"way/1010358791","source":"OpenStreetMap"},"geometry":{"type":"LineString","coordinates":[[91.0220382,29.6288673],[91.0218295,29.6289227]]}},{"type":"Feature","id":"way/1010358792","properties":{"highway":"footway","osm_id":"way/1010358792","source":"OpenStreetMap"},"geometry":{"type":"LineString","coordinates":[[91.0198666,29.6279921],[91.0199647,29.6278994],[91.02096,29.6276825]]}},{"type":"Feature","id":"way/1010358793","properties":{"highway":"footway","osm_id":"way/1010358793","source":"OpenStreetMap"},"geometry":{"type":"LineString","coordinates":[[91.0196864,29.6281684],[91.0198666,29.6279921]]}},{"type":"Feature","id":"way/1010358794","properties":{"highway":"footway","osm_id":"way/1010358794","source":"OpenStreetMap"},"geometry":{"type":"LineString","coordinates":[[91.0235051,29.6295886],[91.0235529,29.6294106],[91.0234332,29.6290494]]}},{"type":"Feature","id":"way/1010358795","properties":{"highway":"footway","osm_id":"way/1010358795","source":"OpenStreetMap"},"geometry":{"type":"LineString","coordinates":[[91.0234332,29.6290494],[91.0233681,29.6288911]]}},{"type":"Feature","id":"way/1010358796","properties":{"highway":"footway","osm_id":"way/1010358796","source":"OpenStreetMap"},"geometry":{"type":"LineString","coordinates":[[91.0217703,29.629265],[91.0220381,29.6296194],[91.0221493,29.6296415],[91.0222659,29.6296215],[91.0225288,29.6295233],[91.0227241,29.629556],[91.0230967,29.6297791],[91.0230125,29.6300548],[91.0228219,29.6303211],[91.0226801,29.6311126]]}},{"type":"Feature","id":"way/1010358797","properties":{"highway":"footway","osm_id":"way/1010358797","source":"OpenStreetMap"},"geometry":{"type":"LineString","coordinates":[[91.0216692,29.6291238],[91.0217703,29.629265]]}},{"type":"Feature","id":"way/1010358802","properties":{"highway":"service","osm_id":"way/1010358802","source":"OpenStreetMap"},"geometry":{"type":"LineString","coordinates":[[90.9891047,29.6130347],[90.989558,29.6137679]]}},{"type":"Feature","id":"way/1010358803","properties":{"highway":"service","osm_id":"way/1010358803","source":"OpenStreetMap"},"geometry":{"type":"LineString","coordinates":[[90.992184,29.6137641],[90.9920619,29.6138316],[90.9913841,29.6142066]]}},{"type":"Feature","id":"way/1010366547","properties":{"landuse":"industrial","osm_id":"way/1010366547","source":"OpenStreetMap"},"geometry":{"type":"Polygon","coordinates":[[[90.9866008,29.6556774],[90.9856736,29.6517964],[90.9916439,29.6500285],[90.9921264,29.6515662],[90.9908964,29.65215],[90.9905369,29.6536547],[90.9887581,29.6541481],[90.9866008,29.6556774]]]}},{"type":"Feature","id":"way/1010366550","properties":{"highway":"tertiary","name":"滨河北路","osm_id":"way/1010366550","source":"OpenStreetMap"},"geometry":{"type":"LineString","coordinates":[[90.9832857,29.6497003],[90.9839137,29.6495105],[90.9846942,29.6491973],[90.9852552,29.648838],[90.9858439,29.6484251],[90.9861549,29.6481138],[90.9864577,29.6477884],[90.9869658,29.6471129],[90.9871307,29.6468558],[90.9875108,29.6463333],[90.9877915,29.646071],[90.9881888,29.6457928],[90.9884662,29.645647],[90.9887228,29.6455209],[90.9890193,29.645416],[90.9894776,29.6452881],[90.9899817,29.6452254],[90.990267,29.645222],[90.9904949,29.6452205],[90.9912349,29.6452335],[90.9918893,29.6451561],[90.9927632,29.644948],[90.9937188,29.6445309],[90.9944117,29.6441333],[90.9949258,29.6436862],[90.9954315,29.6431641],[90.9957949,29.6427515],[90.9961938,29.6422051],[90.9967939,29.6417703],[90.9973776,29.6415423],[91.0003017,29.641019]]}},{"type":"Feature","id":"way/1010366551","properties":{"highway":"tertiary","name":"乃加三路","osm_id":"way/1010366551","source":"OpenStreetMap"},"geometry":{"type":"LineString","coordinates":[[90.9957949,29.6427515],[90.9967705,29.6453987],[90.9977002,29.6483868]]}},{"type":"Feature","id":"way/1010366552","properties":{"highway":"tertiary","name":"拉青路","osm_id":"way/1010366552","source":"OpenStreetMap"},"geometry":{"type":"LineString","coordinates":[[90.9904949,29.6452205],[90.9910177,29.6468853],[90.9919227,29.6498081]]}},{"type":"Feature","id":"way/1010366553","properties":{"highway":"tertiary","name":"加落二路","osm_id":"way/1010366553","source":"OpenStreetMap"},"geometry":{"type":"LineString","coordinates":[[90.989587,29.6504661],[90.9892895,29.6495813],[90.9889473,29.6486718],[90.9887433,29.6483634],[90.9886835,29.6482915],[90.9884742,29.6480551],[90.9882264,29.6478368],[90.9880677,29.6477274],[90.9877754,29.6475266],[90.9869658,29.6471129]]}},{"type":"Feature","id":"way/1010366554","properties":{"highway":"tertiary","name":"拉青路","osm_id":"way/1010366554","source":"OpenStreetMap"},"geometry":{"type":"LineString","coordinates":[[90.9917176,29.6498601],[90.9910048,29.6475827],[90.990806,29.6469402],[90.990267,29.645222]]}},{"type":"Feature","id":"way/1010366558","properties":{"highway":"tertiary","name":"新村路","osm_id":"way/1010366558","source":"OpenStreetMap"},"geometry":{"type":"LineString","coordinates":[[90.990806,29.6469402],[90.9910177,29.6468853],[90.9950756,29.6458367],[90.9967705,29.6453987],[90.9987117,29.6448892]]}},{"type":"Feature","id":"way/1010366562","properties":{"highway":"residential","osm_id":"way/1010366562","source":"OpenStreetMap"},"geometry":{"type":"LineString","coordinates":[[91.009365,29.6421182],[91.0057086,29.6430746],[91.0035182,29.6436475]]}},{"type":"Feature","id":"way/1010366563","properties":{"highway":"residential","osm_id":"way/1010366563","source":"OpenStreetMap"},"geometry":{"type":"LineString","coordinates":[[91.0057086,29.6430746],[91.0069317,29.6460849]]}},{"type":"Feature","id":"way/1010366572","properties":{"leisure":"park","osm_id":"way/1010366572","source":"OpenStreetMap"},"geometry":{"type":"Polygon","coordinates":[[[91.0216562,29.6421837],[91.0224597,29.6429758],[91.0236999,29.6441984],[91.0241162,29.6447823],[91.0241825,29.64632],[91.0232931,29.64669],[91.0228105,29.6460075],[91.022205,29.6440915],[91.0216562,29.6421837]]]}},{"type":"Feature","id":"way/1010366577","properties":{"highway":"service","osm_id":"way/1010366577","source":"OpenStreetMap"},"geometry":{"type":"LineString","coordinates":[[91.0264659,29.64434],[91.0264882,29.6422296],[91.0262445,29.6419889],[91.0256556,29.6414073]]}},{"type":"Feature","id":"way/1010366578","properties":{"highway":"service","osm_id":"way/1010366578","source":"OpenStreetMap"},"geometry":{"type":"LineString","coordinates":[[91.0262445,29.6419889],[91.0266531,29.6416208],[91.0267578,29.6415265]]}},{"type":"Feature","id":"way/1010366579","properties":{"highway":"service","osm_id":"way/1010366579","source":"OpenStreetMap"},"geometry":{"type":"LineString","coordinates":[[91.0266531,29.6416208],[91.0248655,29.6399599],[91.0253102,29.6396228],[91.0270843,29.6413004]]}},{"type":"Feature","id":"way/1010366580","properties":{"highway":"service","osm_id":"way/1010366580","source":"OpenStreetMap"},"geometry":{"type":"LineString","coordinates":[[91.0226359,29.6420584],[91.0225021,29.6403815]]}},{"type":"Feature","id":"way/1010366581","properties":{"leisure":"park","osm_id":"way/1010366581","source":"OpenStreetMap"},"geometry":{"type":"Polygon","coordinates":[[[91.0265639,29.645227],[91.0266348,29.6447583],[91.0274012,29.6448816],[91.0273255,29.6453627],[91.0265639,29.645227]]]}},{"type":"Feature","id":"way/1010366584","properties":{"highway":"service","osm_id":"way/1010366584","source":"OpenStreetMap"},"geometry":{"type":"LineString","coordinates":[[91.0288893,29.6474702],[91.0288874,29.6475487],[91.0288832,29.6477162],[91.0288543,29.6487986],[91.0295398,29.6488711],[91.0294563,29.6496585]]}},{"type":"Feature","id":"way/1010366585","properties":{"highway":"service","osm_id":"way/1010366585","source":"OpenStreetMap"},"geometry":{"type":"LineString","coordinates":[[91.0326822,29.6476728],[91.0326206,29.647822],[91.0320074,29.6489592]]}},{"type":"Feature","id":"way/1010366589","properties":{"highway":"residential","osm_id":"way/1010366589","source":"OpenStreetMap"},"geometry":{"type":"LineString","coordinates":[[91.0299212,29.6509431],[91.0303802,29.650192],[91.0315663,29.6507359],[91.0318107,29.6504148],[91.0321743,29.6506012],[91.0323531,29.6505805],[91.0326154,29.6503992]]}},{"type":"Feature","id":"way/1010366590","properties":{"highway":"residential","osm_id":"way/1010366590","source":"OpenStreetMap"},"geometry":{"type":"LineString","coordinates":[[91.0328541,29.6472208],[91.0328367,29.6473048],[91.032818,29.6473948],[91.0326822,29.6476728],[91.0338075,29.6481614],[91.0326154,29.6503992],[91.0334723,29.6507694],[91.0346658,29.651285],[91.0346171,29.65158],[91.035471,29.6518456],[91.0360655,29.6520306],[91.0361847,29.652129],[91.0361907,29.6523725],[91.0358569,29.6531806]]}},{"type":"Feature","id":"way/1010373403","properties":{"highway":"service","osm_id":"way/1010373403","source":"OpenStreetMap"},"geometry":{"type":"LineString","coordinates":[[91.0408355,29.6512112],[91.0402514,29.6508984],[91.0389639,29.6509522],[91.0384394,29.6519571],[91.03789,29.6517264],[91.0373566,29.6515024]]}},{"type":"Feature","id":"way/1010373432","properties":{"highway":"service","osm_id":"way/1010373432","source":"OpenStreetMap"},"geometry":{"type":"LineString","coordinates":[[91.0363824,29.6468872],[91.0363883,29.6470198],[91.0363827,29.6470897],[91.0363758,29.647177],[91.0363637,29.6473152],[91.0355411,29.6492111],[91.0357319,29.6495427],[91.035743,29.6496006],[91.0357676,29.6497291],[91.0361551,29.650014],[91.0366856,29.6502679],[91.0361876,29.6514278]]}},{"type":"Feature","id":"way/1010373433","properties":{"highway":"service","osm_id":"way/1010373433","source":"OpenStreetMap"},"geometry":{"type":"LineString","coordinates":[[91.0334723,29.6507694],[91.0335203,29.6506757],[91.0341475,29.649452]]}},{"type":"Feature","id":"way/1057651125","properties":{"highway":"trunk","name":"柳滨大道","osm_id":"way/1057651125","source":"OpenStreetMap"},"geometry":{"type":"LineString","coordinates":[[91.034447,29.601498],[91.0344211,29.6016199],[91.0342675,29.6023337],[91.0341779,29.6030229],[91.0340399,29.6036551],[91.0313894,29.6178399],[91.0312235,29.6188008],[91.0313362,29.6195236],[91.0315508,29.6201719],[91.0318834,29.6208341],[91.0326183,29.6216828],[91.0329831,29.6219859],[91.0339311,29.6226105],[91.0352295,29.6233188]]}},{"type":"Feature","id":"way/1057651126","properties":{"highway":"trunk","name":"柳滨大道","osm_id":"way/1057651126","source":"OpenStreetMap"},"geometry":{"type":"LineString","coordinates":[[91.0351771,29.6234548],[91.0338885,29.622754],[91.0328087,29.6220185],[91.0321891,29.6214636],[91.0316473,29.6206755],[91.0313711,29.6201229],[91.031194,29.6195633],[91.0311136,29.6187612],[91.0311726,29.6179171],[91.0331386,29.6075379],[91.0333475,29.6064944],[91.0339352,29.6035595],[91.034013,29.6028295],[91.0339728,29.6024494],[91.0338977,29.6022162],[91.0337153,29.6019223],[91.0335826,29.6017894],[91.0334563,29.6016734],[91.0333109,29.6015957],[91.0330769,29.6014932],[91.0326344,29.6013953],[91.0322213,29.6013813],[91.0314783,29.6014745]]}},{"type":"Feature","id":"way/1057651127","properties":{"highway":"trunk","name":"柳滨大道","osm_id":"way/1057651127","source":"OpenStreetMap"},"geometry":{"type":"LineString","coordinates":[[91.0352295,29.6233188],[91.0352737,29.6233429],[91.0359442,29.6236227],[91.0369715,29.6238582],[91.0469737,29.6253776]]}},{"type":"Feature","id":"way/1057651128","properties":{"highway":"trunk","name":"柳滨大道","osm_id":"way/1057651128","source":"OpenStreetMap"},"geometry":{"type":"LineString","coordinates":[[91.0469537,29.6255075],[91.0411531,29.624588],[91.0388571,29.6242429],[91.0369849,29.6239445],[91.0358691,29.62373],[91.0351771,29.6234548]]}},{"type":"Feature","id":"way/1234007178","properties":{"highway":"construction","osm_id":"way/1234007178","source":"OpenStreetMap"},"geometry":{"type":"LineString","coordinates":[[91.0235982,29.6358096],[91.0188533,29.6363391]]}},{"type":"Feature","id":"way/1234007179","properties":{"highway":"unclassified","osm_id":"way/1234007179","source":"OpenStreetMap"},"geometry":{"type":"LineString","coordinates":[[91.024041,29.6357602],[91.0235982,29.6358096]]}},{"type":"Feature","id":"way/1245893301","properties":{"highway":"tertiary","name":"滨河路","osm_id":"way/1245893301","source":"OpenStreetMap"},"geometry":{"type":"LineString","coordinates":[[91.0838529,29.6459647],[91.0833294,29.6458925],[91.0828039,29.6458304],[91.0817569,29.6457111],[91.0815707,29.6456867],[91.0813896,29.6456507],[91.081209,29.6455959],[91.0810397,29.6455251],[91.0808791,29.6454378],[91.080734,29.6453406],[91.0806042,29.6452309],[91.0804837,29.6451168],[91.0803634,29.6450046],[91.0802393,29.6448969],[91.0801032,29.644804],[91.0799583,29.6447187],[91.0798045,29.6446467],[91.0796419,29.6445856],[91.0794748,29.6445416],[91.0793027,29.6445053],[91.0775838,29.6441897],[91.0756076,29.6438269],[91.0730507,29.6433575],[91.0728045,29.6433123],[91.0725593,29.6432673],[91.0712644,29.6430296],[91.0707955,29.6429418],[91.0703344,29.6428351],[91.069878,29.6427142],[91.0694309,29.6425797],[91.0689854,29.6424294],[91.0685508,29.6422628],[91.0681263,29.6420833],[91.0677111,29.6418931],[91.0651237,29.6406564],[91.0649051,29.6405595],[91.0647677,29.6405016],[91.0646814,29.6404653],[91.0644551,29.6403756],[91.0642267,29.6402903],[91.063994,29.6402106],[91.0637582,29.6401317],[91.0635198,29.6400605],[91.0632783,29.6399919],[91.0632447,29.6399828],[91.0631451,29.6399558],[91.0618817,29.6396133],[91.0539225,29.6374555],[91.053353,29.6373011],[91.0453863,29.6351414],[91.0449308,29.6350179],[91.0404303,29.6337978],[91.0398875,29.6336506],[91.039352,29.6335055],[91.0385613,29.6332911],[91.0383918,29.6332467],[91.0382182,29.6332059],[91.0380436,29.6331722],[91.037869,29.6331439],[91.0376333,29.6331051],[91.0373987,29.6330584],[91.0371635,29.6330031],[91.0369345,29.6329452],[91.0339597,29.632155]]}},{"type":"Feature","id":"way/1245900083","properties":{"highway":"footway","osm_id":"way/1245900083","source":"OpenStreetMap"},"geometry":{"type":"LineString","coordinates":[[91.0338464,29.632324],[91.0339125,29.6321446],[91.0339369,29.6320785],[91.0339868,29.6319432]]}},{"type":"Feature","id":"way/1246109486","properties":{"highway":"footway","osm_id":"way/1246109486","source":"OpenStreetMap"},"geometry":{"type":"LineString","coordinates":[[91.0316547,29.6174515],[91.0310518,29.6173704]]}},{"type":"Feature","id":"way/1246109487","properties":{"highway":"service","osm_id":"way/1246109487","source":"OpenStreetMap"},"geometry":{"type":"LineString","coordinates":[[91.0325743,29.6210555],[91.0330675,29.6211274],[91.0330999,29.6211275],[91.0331308,29.6211206],[91.0331554,29.6211054],[91.0331745,29.6210802],[91.0333746,29.6206191],[91.0334728,29.6203319],[91.0335618,29.6200717],[91.0337267,29.6195892],[91.0340954,29.6184391],[91.0342995,29.6178022],[91.0344786,29.6172987],[91.0346373,29.6168526],[91.0349029,29.6162625],[91.0354199,29.6152267],[91.0355076,29.6151152],[91.0359776,29.6145169],[91.0362306,29.6141754],[91.0368747,29.613306],[91.0368897,29.6132659],[91.0368794,29.6132226],[91.0368501,29.613188],[91.0368032,29.6131721],[91.0341897,29.6132392],[91.032626,29.6132793],[91.0325629,29.613281],[91.0325112,29.6132801],[91.0324565,29.6132742],[91.0322091,29.6132383]]}},{"type":"Feature","id":"way/1246109488","properties":{"highway":"service","osm_id":"way/1246109488","source":"OpenStreetMap"},"geometry":{"type":"LineString","coordinates":[[91.032626,29.6132793],[91.032285,29.6149933],[91.0321185,29.6158302],[91.0319722,29.6166876],[91.0319648,29.6167565],[91.0319718,29.6168254],[91.0319958,29.6168929],[91.0320331,29.6169542],[91.0320829,29.6170392],[91.0321214,29.6171078],[91.0321348,29.6171413],[91.0321506,29.6171809],[91.0321706,29.6172639],[91.0321817,29.6173486],[91.0321801,29.6174349],[91.032171,29.6175246],[91.0321517,29.6176125],[91.0321185,29.617695],[91.0320731,29.6177721],[91.0320188,29.6178449],[91.0319809,29.6178887],[91.0319566,29.6179168],[91.031888,29.6179833],[91.0317388,29.6181112],[91.0317208,29.618136],[91.0317105,29.6181643],[91.0316757,29.6185193],[91.0316788,29.6185974],[91.0317016,29.6191667],[91.031709,29.6192128],[91.0318655,29.6198195],[91.0321483,29.6204387],[91.0321852,29.6205023],[91.0322453,29.6205894],[91.032344,29.6207323],[91.0325131,29.6209772],[91.0325743,29.6210555],[91.032707,29.6212253],[91.0328243,29.6213754],[91.0328407,29.6213892],[91.0330107,29.6214164],[91.0330374,29.6214066],[91.0330667,29.6213017],[91.0330477,29.6212745],[91.032707,29.6212253]]}},{"type":"Feature","id":"way/1246109489","properties":{"highway":"service","osm_id":"way/1246109489","source":"OpenStreetMap"},"geometry":{"type":"LineString","coordinates":[[91.0335618,29.6200717],[91.032928,29.6199775],[91.032449,29.6199062],[91.0318655,29.6198195]]}},{"type":"Feature","id":"way/1246109490","properties":{"highway":"service","osm_id":"way/1246109490","source":"OpenStreetMap"},"geometry":{"type":"LineString","coordinates":[[91.0321185,29.6158302],[91.033153,29.6159832],[91.0331944,29.6159815],[91.0332386,29.6159666],[91.0332671,29.6159382],[91.0332807,29.6159054],[91.0334185,29.615151]]}},{"type":"Feature","id":"way/1246109491","properties":{"highway":"service","osm_id":"way/1246109491","source":"OpenStreetMap"},"geometry":{"type":"LineString","coordinates":[[91.032285,29.6149933],[91.0334185,29.615151],[91.0336895,29.6151886],[91.033733,29.6151886],[91.0337754,29.6151742],[91.0338098,29.6151491],[91.0338278,29.6151165],[91.0338741,29.6148765],[91.0340719,29.6138505],[91.0341897,29.6132392]]}},{"type":"Feature","id":"way/1246109492","properties":{"highway":"service","osm_id":"way/1246109492","source":"OpenStreetMap"},"geometry":{"type":"LineString","coordinates":[[91.0340719,29.6138505],[91.0362306,29.6141754]]}},{"type":"Feature","id":"way/1246109493","properties":{"highway":"service","osm_id":"way/1246109493","source":"OpenStreetMap"},"geometry":{"type":"LineString","coordinates":[[91.0338741,29.6148765],[91.034418,29.614956],[91.0355076,29.6151152]]}},{"type":"Feature","id":"way/1246109494","properties":{"highway":"service","osm_id":"way/1246109494","source":"OpenStreetMap"},"geometry":{"type":"LineString","coordinates":[[91.034418,29.614956],[91.0340713,29.6167702]]}},{"type":"Feature","id":"way/1246109495","properties":{"highway":"service","osm_id":"way/1246109495","source":"OpenStreetMap"},"geometry":{"type":"LineString","coordinates":[[91.0334763,29.6171509],[91.0335436,29.616786],[91.0335565,29.616754],[91.033581,29.6167279],[91.0336231,29.6167137],[91.033666,29.6167111],[91.0340713,29.6167702],[91.0346373,29.6168526]]}},{"type":"Feature","id":"way/1246109496","properties":{"highway":"service","osm_id":"way/1246109496","source":"OpenStreetMap"},"geometry":{"type":"LineString","coordinates":[[91.0319809,29.6178887],[91.03302,29.6180468]]}},{"type":"Feature","id":"way/1246109497","properties":{"highway":"service","osm_id":"way/1246109497","source":"OpenStreetMap"},"geometry":{"type":"LineString","coordinates":[[91.0331684,29.6172834],[91.0321348,29.6171413]]}},{"type":"Feature","id":"way/1246109498","properties":{"highway":"service","osm_id":"way/1246109498","source":"OpenStreetMap"},"geometry":{"type":"LineString","coordinates":[[91.0340954,29.6184391],[91.0330809,29.6182813],[91.0330411,29.6182689],[91.0330095,29.6182475],[91.0329959,29.6182176],[91.0329936,29.6181823],[91.03302,29.6180468],[91.0331684,29.6172834],[91.033185,29.6171983],[91.0331998,29.6171682],[91.0332272,29.617142],[91.0332648,29.6171286],[91.0333052,29.6171256],[91.0334763,29.6171509],[91.0344786,29.6172987]]}},{"type":"Feature","id":"way/1246109499","properties":{"highway":"service","osm_id":"way/1246109499","source":"OpenStreetMap"},"geometry":{"type":"LineString","coordinates":[[91.032449,29.6199062],[91.0326573,29.6188365],[91.0326536,29.6187982],[91.0326376,29.6187644],[91.0326077,29.6187413],[91.0325675,29.618728],[91.0316788,29.6185974]]}},{"type":"Feature","id":"way/1246109500","properties":{"highway":"service","osm_id":"way/1246109500","source":"OpenStreetMap"},"geometry":{"type":"LineString","coordinates":[[91.0334728,29.6203319],[91.0329544,29.6202502],[91.03292,29.6202389],[91.0328984,29.6202187],[91.0328897,29.6201944],[91.0328898,29.6201683],[91.032928,29.6199775]]}},{"type":"Feature","id":"way/1246109501","properties":{"highway":"footway","osm_id":"way/1246109501","source":"OpenStreetMap"},"geometry":{"type":"LineString","coordinates":[[91.032241,29.6178864],[91.0323901,29.6179097],[91.0326542,29.6179511],[91.0329046,29.6179902],[91.0329368,29.6179875],[91.0329664,29.6179762],[91.0329868,29.6179548],[91.0329956,29.6179314],[91.0330471,29.6176587],[91.0330999,29.6173785],[91.0330977,29.6173537],[91.0330846,29.61733],[91.0330641,29.6173128],[91.0330354,29.6173038],[91.0327865,29.6172676],[91.0325189,29.6172287],[91.0323675,29.6172067],[91.032339,29.6172089],[91.0323086,29.6172165],[91.0322797,29.6172292],[91.0322581,29.6172461],[91.0322374,29.6172761],[91.0322302,29.6172953],[91.0322262,29.6173218],[91.0322265,29.6173482],[91.0322267,29.6173942],[91.0322256,29.6174402],[91.0322221,29.6174872],[91.0322145,29.6175376],[91.0322058,29.6175805],[91.0321932,29.6176263],[91.0321757,29.6176721],[91.032155,29.6177169],[91.0321438,29.6177441],[91.032138,29.6177718],[91.0321395,29.6177928],[91.0321495,29.6178267],[91.0321654,29.6178475],[91.0321873,29.6178653],[91.0322113,29.6178782],[91.032241,29.6178864]]}},{"type":"Feature","id":"way/1246109502","properties":{"highway":"pedestrian","osm_id":"way/1246109502","source":"OpenStreetMap"},"geometry":{"type":"LineString","coordinates":[[91.0324863,29.6173812],[91.0324715,29.6173893],[91.0324103,29.6174228],[91.0324052,29.6174285],[91.0323551,29.6174845],[91.0323285,29.6175542],[91.0323273,29.617623],[91.0323553,29.6176954],[91.0324007,29.61775],[91.0324637,29.6177906],[91.0325425,29.6178138],[91.0326283,29.6178131],[91.0327013,29.6177927],[91.0327636,29.6177539],[91.0328168,29.6176932],[91.0328395,29.6176285],[91.0328431,29.6176185],[91.0328386,29.6175404],[91.0328136,29.6174886],[91.0328038,29.6174684],[91.032769,29.6174355],[91.0327429,29.6174109],[91.0327079,29.6173951],[91.0326632,29.6173749],[91.0325741,29.6173646],[91.0325454,29.61737],[91.0324863,29.6173812]]}},{"type":"Feature","id":"way/1246109503","properties":{"highway":"footway","osm_id":"way/1246109503","source":"OpenStreetMap"},"geometry":{"type":"LineString","coordinates":[[91.0327079,29.6173951],[91.0327691,29.6172959],[91.0327865,29.6172676]]}},{"type":"Feature","id":"way/1246109504","properties":{"highway":"footway","osm_id":"way/1246109504","source":"OpenStreetMap"},"geometry":{"type":"LineString","coordinates":[[91.0325454,29.61737],[91.0325246,29.6172591],[91.0325189,29.6172287]]}},{"type":"Feature","id":"way/1246109505","properties":{"highway":"footway","osm_id":"way/1246109505","source":"OpenStreetMap"},"geometry":{"type":"LineString","coordinates":[[91.0330471,29.6176587],[91.0329645,29.6176467],[91.0328395,29.6176285]]}},{"type":"Feature","id":"way/1246109506","properties":{"highway":"footway","osm_id":"way/1246109506","source":"OpenStreetMap"},"geometry":{"type":"LineString","coordinates":[[91.0321395,29.6177928],[91.0322447,29.6177453],[91.0323553,29.6176954]]}},{"type":"Feature","id":"way/1246109507","properties":{"highway":"footway","osm_id":"way/1246109507","source":"OpenStreetMap"},"geometry":{"type":"LineString","coordinates":[[91.0324052,29.6174285],[91.0323187,29.6173499],[91.0322374,29.6172761]]}},{"type":"Feature","id":"way/1246109508","properties":{"highway":"footway","osm_id":"way/1246109508","source":"OpenStreetMap"},"geometry":{"type":"LineString","coordinates":[[91.032241,29.6178864],[91.0323135,29.6178245],[91.0324007,29.61775]]}},{"type":"Feature","id":"way/1246109509","properties":{"highway":"footway","osm_id":"way/1246109509","source":"OpenStreetMap"},"geometry":{"type":"LineString","coordinates":[[91.0324715,29.6173893],[91.0324152,29.6172904],[91.0323675,29.6172067]]}},{"type":"Feature","id":"way/1246109510","properties":{"highway":"footway","osm_id":"way/1246109510","source":"OpenStreetMap"},"geometry":{"type":"LineString","coordinates":[[91.0326479,29.6179177],[91.0327116,29.6179088],[91.0327554,29.6178878],[91.0328272,29.6178534],[91.0328494,29.6178317],[91.0329147,29.6177675],[91.0329639,29.617661],[91.0329645,29.6176467],[91.0329691,29.6175463],[91.0329332,29.6174431],[91.0329282,29.6174369],[91.0328623,29.6173558],[91.0327691,29.6172959]]}},{"type":"Feature","id":"way/1246109511","properties":{"highway":"footway","osm_id":"way/1246109511","source":"OpenStreetMap"},"geometry":{"type":"LineString","coordinates":[[91.0325246,29.6172591],[91.0324152,29.6172904],[91.0324022,29.6172943],[91.0323187,29.6173499]]}},{"type":"Feature","id":"way/1246109512","properties":{"highway":"footway","osm_id":"way/1246109512","source":"OpenStreetMap"},"geometry":{"type":"LineString","coordinates":[[91.0322447,29.6177453],[91.0322518,29.6177613],[91.0323135,29.6178245],[91.0323372,29.6178489],[91.0324063,29.6178836]]}},{"type":"Feature","id":"way/1246109513","properties":{"highway":"footway","osm_id":"way/1246109513","source":"OpenStreetMap"},"geometry":{"type":"LineString","coordinates":[[91.0323285,29.6175542],[91.0322145,29.6175376]]}},{"type":"Feature","id":"way/1246109514","properties":{"highway":"footway","osm_id":"way/1246109514","source":"OpenStreetMap"},"geometry":{"type":"LineString","coordinates":[[91.0328136,29.6174886],[91.0329282,29.6174369]]}},{"type":"Feature","id":"way/1246109515","properties":{"highway":"footway","osm_id":"way/1246109515","source":"OpenStreetMap"},"geometry":{"type":"LineString","coordinates":[[91.032769,29.6174355],[91.0328623,29.6173558]]}},{"type":"Feature","id":"way/1246109516","properties":{"highway":"footway","osm_id":"way/1246109516","source":"OpenStreetMap"},"geometry":{"type":"LineString","coordinates":[[91.0323901,29.6179097],[91.0324063,29.6178836],[91.0324637,29.6177906]]}},{"type":"Feature","id":"way/1246109517","properties":{"highway":"footway","osm_id":"way/1246109517","source":"OpenStreetMap"},"geometry":{"type":"LineString","coordinates":[[91.0326542,29.6179511],[91.0326479,29.6179177],[91.0326283,29.6178131]]}},{"type":"Feature","id":"way/1246109518","properties":{"highway":"footway","osm_id":"way/1246109518","source":"OpenStreetMap"},"geometry":{"type":"LineString","coordinates":[[91.0327554,29.6178878],[91.0327013,29.6177927]]}},{"type":"Feature","id":"way/1246109519","properties":{"highway":"footway","osm_id":"way/1246109519","source":"OpenStreetMap"},"geometry":{"type":"LineString","coordinates":[[91.0328494,29.6178317],[91.0327636,29.6177539]]}},{"type":"Feature","id":"way/1246204742","properties":{"highway":"service","osm_id":"way/1246204742","source":"OpenStreetMap"},"geometry":{"type":"LineString","coordinates":[[91.0318792,29.6207747],[91.0322453,29.6205894]]}},{"type":"Feature","id":"way/1246204743","properties":{"highway":"service","osm_id":"way/1246204743","source":"OpenStreetMap"},"geometry":{"type":"LineString","coordinates":[[91.032344,29.6207323],[91.0319877,29.6209126]]}},{"type":"Feature","id":"way/1246204744","properties":{"highway":"service","osm_id":"way/1246204744","source":"OpenStreetMap"},"geometry":{"type":"LineString","coordinates":[[91.0315412,29.6168354],[91.0316392,29.6168969],[91.0317238,29.6169617],[91.0317989,29.6170382],[91.0318624,29.6171214],[91.0319009,29.6172061],[91.0319259,29.6172992],[91.0319289,29.6173956],[91.0319184,29.6174912],[91.0318951,29.6175808],[91.0318583,29.6176661],[91.0318073,29.6177448],[91.0317429,29.6178135],[91.0316582,29.6178737],[91.0315602,29.6179189],[91.0314543,29.6179504],[91.0313474,29.6179686]]}},{"type":"Feature","id":"way/1246204745","properties":{"highway":"footway","osm_id":"way/1246204745","source":"OpenStreetMap"},"geometry":{"type":"LineString","coordinates":[[91.0319422,29.6197927],[91.0323491,29.619851],[91.032379,29.6198464],[91.0324048,29.6198313],[91.0324192,29.6198107],[91.0324254,29.619789],[91.03261,29.6188371],[91.0326063,29.6188112],[91.0325934,29.6187911],[91.0325738,29.6187749],[91.0325497,29.618765],[91.0318183,29.6186525],[91.0317832,29.6186554],[91.0317539,29.6186699],[91.0317346,29.6186959],[91.0317278,29.6187271],[91.0317436,29.6191898],[91.0317495,29.6192051],[91.0317601,29.6192162],[91.0317755,29.6192259],[91.0317929,29.6192296],[91.0318784,29.619239],[91.0318732,29.6192767],[91.0318659,29.6192968],[91.0318538,29.6193133],[91.0318337,29.6193276],[91.0318172,29.6193364],[91.0318021,29.6193488],[91.0317937,29.6193652],[91.0317935,29.6193852],[91.0318864,29.6197488],[91.0318939,29.6197647],[91.0319055,29.6197784],[91.031923,29.6197877],[91.0319422,29.6197927]]}},{"type":"Feature","id":"way/1246204746","properties":{"highway":"footway","osm_id":"way/1246204746","source":"OpenStreetMap"},"geometry":{"type":"LineString","coordinates":[[91.0326978,29.6186962],[91.031986,29.6185941],[91.031798,29.6185671],[91.0317664,29.6185598],[91.0317414,29.6185433],[91.0317269,29.6185192],[91.0317234,29.6184913],[91.0317549,29.6181881],[91.0317578,29.6181696],[91.0317626,29.618151],[91.031773,29.6181341],[91.0317873,29.618119],[91.0319855,29.6179551],[91.0320024,29.6179468],[91.032022,29.6179419],[91.0320441,29.617941],[91.0320657,29.6179429],[91.0327799,29.6180499]]}},{"type":"Feature","id":"way/1246204747","properties":{"highway":"pedestrian","osm_id":"way/1246204747","source":"OpenStreetMap"},"geometry":{"type":"LineString","coordinates":[[91.032993,29.6183774],[91.0329655,29.6183855],[91.0329425,29.6184009],[91.0329346,29.6184113],[91.0329266,29.618422],[91.0329194,29.6184465],[91.0329217,29.6184717],[91.0329334,29.6184948],[91.032953,29.6185134],[91.0329786,29.6185254],[91.0330071,29.6185295],[91.0330356,29.6185254],[91.0330611,29.6185135],[91.0330807,29.618495],[91.0330924,29.618472],[91.0330949,29.618447],[91.0330879,29.6184226],[91.0330723,29.6184014],[91.0330494,29.6183858],[91.033022,29.6183775],[91.032993,29.6183774]]}},{"type":"Feature","id":"way/1246204748","properties":{"highway":"footway","osm_id":"way/1246204748","source":"OpenStreetMap"},"geometry":{"type":"LineString","coordinates":[[91.0331881,29.6191297],[91.0331728,29.6191218],[91.0331554,29.6191185],[91.0331377,29.6191202],[91.0331216,29.6191267],[91.0331087,29.6191374],[91.0331003,29.619151],[91.0330974,29.6191663],[91.0331002,29.6191816],[91.033109,29.6191959],[91.0331228,29.6192068],[91.03314,29.6192131],[91.0331586,29.6192141],[91.0331765,29.6192096],[91.0331917,29.6192002],[91.0332024,29.6191869],[91.0332074,29.6191713],[91.0332063,29.6191558],[91.0331997,29.6191415],[91.0331881,29.6191297]]}},{"type":"Feature","id":"way/1246204749","properties":{"highway":"footway","osm_id":"way/1246204749","source":"OpenStreetMap"},"geometry":{"type":"LineString","coordinates":[[91.0322996,29.6183189],[91.0323034,29.6183109],[91.03231,29.6183045],[91.0323187,29.6183004],[91.0323285,29.6182992],[91.0323382,29.6183009],[91.0323467,29.6183053],[91.0323529,29.618312],[91.0323562,29.6183202],[91.0323561,29.6183288],[91.0323526,29.6183369],[91.0323471,29.6183428],[91.0323398,29.618347],[91.0323314,29.6183491],[91.0323226,29.6183489],[91.0323143,29.6183464],[91.0323073,29.6183418],[91.0323022,29.6183357],[91.0322992,29.6183275],[91.0322996,29.6183189]]}},{"type":"Feature","id":"way/1246204750","properties":{"highway":"footway","osm_id":"way/1246204750","source":"OpenStreetMap"},"geometry":{"type":"LineString","coordinates":[[91.0338263,29.6183506],[91.0331124,29.6182415],[91.0330811,29.6182312],[91.0330586,29.6182116],[91.0330494,29.6181863],[91.0330509,29.6181592],[91.0332345,29.6172214],[91.0332444,29.6171987],[91.0332666,29.6171819],[91.0332948,29.6171742],[91.0333264,29.6171742],[91.0341507,29.6172973]]}},{"type":"Feature","id":"way/1246204751","properties":{"highway":"footway","osm_id":"way/1246204751","source":"OpenStreetMap"},"geometry":{"type":"LineString","coordinates":[[91.031986,29.6185941],[91.0319967,29.618547],[91.0320262,29.6185488],[91.0320568,29.6185491],[91.0320874,29.6185484],[91.0321183,29.6185453],[91.0321484,29.6185407],[91.0321787,29.6185342],[91.0322082,29.6185236],[91.0322333,29.6185097],[91.0322583,29.6184931],[91.03228,29.6184747],[91.032299,29.6184536],[91.0323141,29.6184311],[91.0323235,29.6184085],[91.0323306,29.618384],[91.0323403,29.6183604],[91.0323526,29.6183369],[91.0323643,29.6183227],[91.0323799,29.618312],[91.0323969,29.6183036],[91.0324188,29.6182986],[91.03244,29.6182974],[91.0324612,29.6182981],[91.0324814,29.6183007],[91.0324998,29.6183057],[91.0325308,29.6183168],[91.032564,29.6183236],[91.0325989,29.6183263],[91.0326337,29.6183242],[91.032664,29.6183167],[91.0326938,29.6183048],[91.0327149,29.6182914],[91.0327199,29.6182882],[91.0327433,29.6182644],[91.0327595,29.618241],[91.0327724,29.6182167],[91.0327823,29.6181903],[91.0327894,29.6181624],[91.0327916,29.6181336],[91.0327904,29.6181049],[91.0327868,29.6180769],[91.0327799,29.6180499]]}},{"type":"Feature","id":"way/1246204752","properties":{"highway":"footway","osm_id":"way/1246204752","source":"OpenStreetMap"},"geometry":{"type":"LineString","coordinates":[[91.0329025,29.6183938],[91.0327472,29.618309]]}},{"type":"Feature","id":"way/1246204753","properties":{"highway":"footway","osm_id":"way/1246204753","source":"OpenStreetMap"},"geometry":{"type":"LineString","coordinates":[[91.0327472,29.618309],[91.0327149,29.6182914]]}},{"type":"Feature","id":"way/1246204754","properties":{"highway":"footway","osm_id":"way/1246204754","source":"OpenStreetMap"},"geometry":{"type":"LineString","coordinates":[[91.0329346,29.6184113],[91.0329025,29.6183938]]}},{"type":"Feature","id":"way/1303923598","properties":{"highway":"tertiary","name":"加米一路","osm_id":"way/1303923598","source":"OpenStreetMap"},"geometry":{"type":"LineString","coordinates":[[90.9960917,29.6487543],[90.9950756,29.6458367]]}},{"type":"Feature","id":"way/1304208003","properties":{"highway":"service","osm_id":"way/1304208003","source":"OpenStreetMap"},"geometry":{"type":"LineString","coordinates":[[90.9880677,29.6477274],[90.9882965,29.6474898],[90.9883913,29.6474383],[90.9895595,29.6471068],[90.9903238,29.6468883]]}},{"type":"Feature","id":"way/1304208004","properties":{"highway":"service","osm_id":"way/1304208004","source":"OpenStreetMap"},"geometry":{"type":"LineString","coordinates":[[90.9883913,29.6474383],[90.9882983,29.6471978],[90.9882032,29.6469519],[90.9881128,29.6467182],[90.988468,29.6466145],[90.9891464,29.6464163],[90.989342,29.6463592],[90.9900774,29.6461444]]}},{"type":"Feature","id":"way/1304208005","properties":{"highway":"service","osm_id":"way/1304208005","source":"OpenStreetMap"},"geometry":{"type":"LineString","coordinates":[[90.988468,29.6466145],[90.9883648,29.6463644],[90.9885536,29.6463086],[90.9892417,29.6461067],[90.9892859,29.6460712],[90.9899851,29.6458642]]}},{"type":"Feature","id":"way/1304208006","properties":{"highway":"service","osm_id":"way/1304208006","source":"OpenStreetMap"},"geometry":{"type":"LineString","coordinates":[[90.9885536,29.6463086],[90.988442,29.6460663],[90.9891908,29.6458323],[90.9899054,29.6456233],[90.9899851,29.6458642],[90.9900774,29.6461444],[90.9901547,29.6463772],[90.9902382,29.6466294],[90.9903238,29.6468883],[90.9904099,29.6471486],[90.990492,29.6473969],[90.9897521,29.647603],[90.9897133,29.6476135],[90.9887427,29.6478961],[90.9886478,29.6476468],[90.9896565,29.6473567],[90.9904099,29.6471486]]}},{"type":"Feature","id":"way/1304208007","properties":{"highway":"service","osm_id":"way/1304208007","source":"OpenStreetMap"},"geometry":{"type":"LineString","coordinates":[[90.9882983,29.6471978],[90.9893335,29.6468936],[90.9894634,29.6468592],[90.9902382,29.6466294]]}},{"type":"Feature","id":"way/1304208008","properties":{"highway":"service","osm_id":"way/1304208008","source":"OpenStreetMap"},"geometry":{"type":"LineString","coordinates":[[90.9882032,29.6469519],[90.9892368,29.6466448],[90.9901547,29.6463772]]}},{"type":"Feature","id":"way/1304208009","properties":{"highway":"service","osm_id":"way/1304208009","source":"OpenStreetMap"},"geometry":{"type":"LineString","coordinates":[[90.9893335,29.6468936],[90.9892368,29.6466448],[90.9891464,29.6464163]]}},{"type":"Feature","id":"way/1304208010","properties":{"highway":"service","osm_id":"way/1304208010","source":"OpenStreetMap"},"geometry":{"type":"LineString","coordinates":[[90.989342,29.6463592],[90.9892417,29.6461067]]}},{"type":"Feature","id":"way/1304208011","properties":{"highway":"service","osm_id":"way/1304208011","source":"OpenStreetMap"},"geometry":{"type":"LineString","coordinates":[[90.9891502,29.6457094],[90.9891306,29.6456657],[90.9891111,29.6456219]]}},{"type":"Feature","id":"way/1304208013","properties":{"highway":"service","osm_id":"way/1304208013","source":"OpenStreetMap"},"geometry":{"type":"LineString","coordinates":[[90.9907137,29.6476475],[90.9906665,29.647658],[90.9906157,29.6476693]]}},{"type":"Feature","id":"way/1304208014","properties":{"highway":"service","osm_id":"way/1304208014","source":"OpenStreetMap"},"geometry":{"type":"LineString","coordinates":[[90.9906796,29.6479934],[90.9899394,29.6482012],[90.9891659,29.6484256],[90.9892717,29.6486702],[90.9893756,29.6489091],[90.9894629,29.6491633],[90.9895418,29.6494069],[90.9896198,29.6496477],[90.990362,29.6494346],[90.9910734,29.6492258],[90.9909887,29.6489894],[90.9909135,29.6487564],[90.990929,29.6487085],[90.9908552,29.6484941],[90.9907715,29.6482375],[90.9906796,29.6479934],[90.9905638,29.6476809]]}},{"type":"Feature","id":"way/1304208015","properties":{"highway":"service","osm_id":"way/1304208015","source":"OpenStreetMap"},"geometry":{"type":"LineString","coordinates":[[90.9895418,29.6494069],[90.990265,29.6491982],[90.9909887,29.6489894]]}},{"type":"Feature","id":"way/1304208016","properties":{"highway":"service","osm_id":"way/1304208016","source":"OpenStreetMap"},"geometry":{"type":"LineString","coordinates":[[90.9894629,29.6491633],[90.9901662,29.6489654],[90.9902273,29.6489489],[90.9909135,29.6487564]]}},{"type":"Feature","id":"way/1304208017","properties":{"highway":"service","osm_id":"way/1304208017","source":"OpenStreetMap"},"geometry":{"type":"LineString","coordinates":[[90.9893756,29.6489091],[90.9901296,29.6486951],[90.9908552,29.6484941]]}},{"type":"Feature","id":"way/1304208018","properties":{"highway":"service","osm_id":"way/1304208018","source":"OpenStreetMap"},"geometry":{"type":"LineString","coordinates":[[90.9892717,29.6486702],[90.9900344,29.6484479],[90.9907715,29.6482375]]}},{"type":"Feature","id":"way/1304208019","properties":{"highway":"service","osm_id":"way/1304208019","source":"OpenStreetMap"},"geometry":{"type":"LineString","coordinates":[[90.9886835,29.6482915],[90.9888602,29.6482345],[90.9890062,29.6481879],[90.9890863,29.6483841],[90.9898094,29.6481622]]}},{"type":"Feature","id":"way/1305045330","properties":{"highway":"service","osm_id":"way/1305045330","source":"OpenStreetMap"},"geometry":{"type":"LineString","coordinates":[[91.0234747,29.634293],[91.0238051,29.6342466],[91.0239571,29.6342162],[91.024013,29.634205],[91.0240559,29.6341965]]}},{"type":"Feature","id":"way/1305045331","properties":{"highway":"service","osm_id":"way/1305045331","source":"OpenStreetMap"},"geometry":{"type":"LineString","coordinates":[[91.0231556,29.6343555],[91.0234747,29.634293]]}},{"type":"Feature","id":"way/1311984651","properties":{"landuse":"grass","osm_id":"way/1311984651","source":"OpenStreetMap"},"geometry":{"type":"Polygon","coordinates":[[[90.9891598,29.6463721],[90.9892128,29.6463587],[90.9892463,29.6463389],[90.9892584,29.6463196],[90.9892684,29.6462998],[90.9892704,29.6462858],[90.989255,29.6462693],[90.9892382,29.6462363],[90.9892329,29.6462078],[90.9892322,29.6461879],[90.9892228,29.6461705],[90.989198,29.6461646],[90.989145,29.6461757],[90.9890914,29.6461961],[90.9891598,29.6463721]]]}},{"type":"Feature","id":"way/1311984652","properties":{"landuse":"grass","osm_id":"way/1311984652","source":"OpenStreetMap"},"geometry":{"type":"Polygon","coordinates":[[[90.9891088,29.6466547],[90.9891511,29.646646],[90.9891652,29.6466239],[90.9891672,29.6465936],[90.9891551,29.6465493],[90.9891357,29.6465073],[90.9891108,29.6464846],[90.9890787,29.64647],[90.9890411,29.6464764],[90.9891088,29.6466547]]]}},{"type":"Feature","id":"way/1311984653","properties":{"landuse":"grass","osm_id":"way/1311984653","source":"OpenStreetMap"},"geometry":{"type":"Polygon","coordinates":[[[90.9892,29.6468978],[90.9892711,29.6468774],[90.9892094,29.646713],[90.9891833,29.646706],[90.9891517,29.6467089],[90.9891289,29.6467142],[90.9892,29.6468978]]]}},{"type":"Feature","id":"way/1311984654","properties":{"landuse":"grass","osm_id":"way/1311984654","source":"OpenStreetMap"},"geometry":{"type":"Polygon","coordinates":[[[90.9893274,29.6470877],[90.9892698,29.6469479],[90.9894106,29.6469129],[90.9894508,29.6469351],[90.9894897,29.6470365],[90.9893274,29.6470877]]]}},{"type":"Feature","id":"way/1311984656","properties":{"highway":"service","osm_id":"way/1311984656","source":"OpenStreetMap"},"geometry":{"type":"LineString","coordinates":[[90.9898189,29.6478882],[90.9897133,29.6476135]]}},{"type":"Feature","id":"way/1311984662","properties":{"highway":"service","osm_id":"way/1311984662","source":"OpenStreetMap"},"geometry":{"type":"LineString","coordinates":[[90.9901662,29.6489654],[90.990265,29.6491982],[90.990362,29.6494346]]}},{"type":"Feature","id":"way/1311984679","properties":{"highway":"service","osm_id":"way/1311984679","source":"OpenStreetMap"},"geometry":{"type":"LineString","coordinates":[[90.9897521,29.647603],[90.9896565,29.6473567],[90.9895595,29.6471068],[90.9894634,29.6468592]]}},{"type":"Feature","id":"way/1311984692","properties":{"highway":"service","osm_id":"way/1311984692","source":"OpenStreetMap"},"geometry":{"type":"LineString","coordinates":[[90.9891111,29.6456219],[90.9890193,29.645416]]}},{"type":"Feature","id":"way/1311984693","properties":{"highway":"service","osm_id":"way/1311984693","source":"OpenStreetMap"},"geometry":{"type":"LineString","coordinates":[[90.9892859,29.6460712],[90.9891908,29.6458323],[90.9891502,29.6457094]]}},{"type":"Feature","id":"way/1311984698","properties":{"highway":"service","osm_id":"way/1311984698","source":"OpenStreetMap"},"geometry":{"type":"LineString","coordinates":[[90.9906157,29.6476693],[90.9905638,29.6476809],[90.9898189,29.6478882],[90.9899394,29.6482012],[90.9900344,29.6484479],[90.9901296,29.6486951],[90.9902273,29.6489489]]}},{"type":"Feature","id":"way/1311984699","properties":{"highway":"service","osm_id":"way/1311984699","source":"OpenStreetMap"},"geometry":{"type":"LineString","coordinates":[[90.9910048,29.6475827],[90.9907137,29.6476475]]}},{"type":"Feature","id":"way/1314889275","properties":{"highway":"service","osm_id":"way/1314889275","source":"OpenStreetMap"},"geometry":{"type":"LineString","coordinates":[[91.0334723,29.6507694],[91.0334397,29.6508312],[91.032896,29.6518608]]}},{"type":"Feature","id":"way/1314889280","properties":{"highway":"service","osm_id":"way/1314889280","source":"OpenStreetMap"},"geometry":{"type":"LineString","coordinates":[[91.035471,29.6518456],[91.0354376,29.6519483],[91.0347781,29.6539783]]}},{"type":"Feature","id":"way/1314889281","properties":{"highway":"service","osm_id":"way/1314889281","source":"OpenStreetMap"},"geometry":{"type":"LineString","coordinates":[[91.0338075,29.6481614],[91.0355411,29.6492111]]}},{"type":"Feature","id":"way/1314889288","properties":{"highway":"service","osm_id":"way/1314889288","source":"OpenStreetMap"},"geometry":{"type":"LineString","coordinates":[[91.038194,29.6446075],[91.0371183,29.6442817]]}},{"type":"Feature","id":"way/1314889301","properties":{"highway":"footway","osm_id":"way/1314889301","source":"OpenStreetMap"},"geometry":{"type":"LineString","coordinates":[[91.0209322,29.6409958],[91.0214024,29.6409676]]}},{"type":"Feature","id":"way/1314889303","properties":{"leisure":"park","osm_id":"way/1314889303","source":"OpenStreetMap"},"geometry":{"type":"Polygon","coordinates":[[[91.0194903,29.643824],[91.0193459,29.6420998],[91.0206078,29.6421271],[91.0211415,29.6437968],[91.0201809,29.6439495],[91.0194903,29.643824]]]}},{"type":"Feature","id":"way/1314889304","properties":{"highway":"service","osm_id":"way/1314889304","source":"OpenStreetMap"},"geometry":{"type":"LineString","coordinates":[[91.0212782,29.6432199],[91.0215016,29.6431722]]}},{"type":"Feature","id":"way/1314889305","properties":{"highway":"service","osm_id":"way/1314889305","source":"OpenStreetMap"},"geometry":{"type":"LineString","coordinates":[[91.0219744,29.6430813],[91.022033,29.6430547]]}},{"type":"Feature","id":"way/1314889306","properties":{"highway":"service","osm_id":"way/1314889306","source":"OpenStreetMap"},"geometry":{"type":"LineString","coordinates":[[91.0215016,29.6431722],[91.0219744,29.6430813]]}},{"type":"Feature","id":"way/1314889307","properties":{"highway":"service","osm_id":"way/1314889307","source":"OpenStreetMap"},"geometry":{"type":"LineString","coordinates":[[91.0224597,29.6429758],[91.0223908,29.6427928],[91.0221083,29.6427928],[91.0220267,29.6428746],[91.022033,29.6430547],[91.0223908,29.6438622],[91.0226608,29.6441623]]}},{"type":"Feature","id":"way/1315353008","properties":{"highway":"service","osm_id":"way/1315353008","source":"OpenStreetMap"},"geometry":{"type":"LineString","coordinates":[[91.03789,29.6517264],[91.0372857,29.6528207]]}},{"type":"Feature","id":"way/1341140657","properties":{"highway":"residential","osm_id":"way/1341140657","source":"OpenStreetMap"},"geometry":{"type":"LineString","coordinates":[[91.0053882,29.6123131],[91.0055825,29.611847],[91.0056068,29.6117421],[91.0056209,29.6115944],[91.0056181,29.6114935],[91.005587,29.6114368],[91.0055273,29.6113899],[91.0053657,29.6113045],[91.0052737,29.6112358],[91.0051954,29.6111553],[91.0051331,29.6110656],[91.0050873,29.6109672],[91.0050602,29.6108644],[91.0050522,29.6107592],[91.0050627,29.6106576],[91.0050935,29.6105521],[91.0051355,29.6104661],[91.0052072,29.6103665],[91.0052879,29.6102878],[91.0053818,29.6102211],[91.0055684,29.6101142],[91.0056207,29.6100647],[91.0056749,29.6099973],[91.0057188,29.6099153],[91.0057552,29.6098252],[91.005773,29.6097293],[91.0058047,29.6096352]]}},{"type":"Feature","id":"way/1354713481","properties":{"landuse":"industrial","name":"拉萨创业创新园","osm_id":"way/1354713481","source":"OpenStreetMap"},"geometry":{"type":"Polygon","coordinates":[[[91.0165985,29.6397427],[91.0176033,29.6401503],[91.0181297,29.63899],[91.0172971,29.6386989],[91.0165985,29.6397427]]]}},{"type":"Feature","id":"way/1385902782","properties":{"highway":"cycleway","osm_id":"way/1385902782","source":"OpenStreetMap"},"geometry":{"type":"LineString","coordinates":[[91.0233101,29.647593],[91.023462,29.647584],[91.024716,29.6475025],[91.0263791,29.6474036],[91.0266277,29.6473888],[91.0277577,29.6473125],[91.028911,29.6472773],[91.0299854,29.6472047],[91.0316276,29.647103],[91.0320636,29.6470752],[91.0325512,29.6470441],[91.0339463,29.6469609],[91.0352349,29.646871],[91.0360625,29.6468261],[91.0362781,29.6468144],[91.0372158,29.6467565],[91.0381062,29.6467095],[91.0396631,29.6466004],[91.0399281,29.6465876],[91.0403657,29.6465665],[91.0419111,29.6464732],[91.0434854,29.6463913],[91.0439004,29.6463677],[91.044473,29.6463352],[91.0452801,29.6462788],[91.0464126,29.646202],[91.0468378,29.6461838],[91.0469763,29.6461779],[91.0478866,29.6461262],[91.0489668,29.6460541],[91.0506479,29.6459573],[91.0525658,29.6458626],[91.0533507,29.6458412],[91.0537925,29.6458349],[91.0541878,29.6458515],[91.054445,29.6458623],[91.0560713,29.6459669],[91.0579236,29.6460794],[91.0595083,29.6461795],[91.0608764,29.6462839],[91.0633118,29.646449],[91.0645628,29.6465237],[91.0648647,29.6465417],[91.0668285,29.6466742],[91.0689839,29.646811],[91.0702587,29.646898],[91.0712577,29.6469695],[91.0721472,29.6470209],[91.0722146,29.6471294]]}},{"type":"Feature","id":"way/1385902783","properties":{"highway":"cycleway","osm_id":"way/1385902783","source":"OpenStreetMap"},"geometry":{"type":"LineString","coordinates":[[91.0225883,29.6477317],[91.022702,29.6476292],[91.0230103,29.6476109]]}},{"type":"Feature","id":"way/1385902784","properties":{"highway":"cycleway","osm_id":"way/1385902784","source":"OpenStreetMap"},"geometry":{"type":"LineString","coordinates":[[91.0230103,29.6476109],[91.0233101,29.647593]]}},{"type":"Feature","id":"way/1385902795","properties":{"highway":"cycleway","osm_id":"way/1385902795","source":"OpenStreetMap"},"geometry":{"type":"LineString","coordinates":[[91.0528783,29.64605],[91.0527493,29.6461443],[91.0502578,29.6462734],[91.050058,29.646285],[91.0487459,29.6463608],[91.0481322,29.6464008],[91.0470306,29.6464565],[91.0463672,29.6464901],[91.0460808,29.6465165],[91.0457461,29.6465473],[91.0453442,29.6465705],[91.0446212,29.6466127],[91.0436353,29.6466702],[91.0433008,29.6466898],[91.0427241,29.6467238],[91.0420409,29.6467641],[91.0414061,29.6468015],[91.0407298,29.6468415],[91.0382932,29.6469852],[91.0363827,29.6470897],[91.0362954,29.6470945],[91.0361168,29.6471197],[91.0359014,29.6471289],[91.0357125,29.6471267],[91.0339994,29.6472505],[91.0329469,29.6472966],[91.0328367,29.6473048],[91.0323046,29.6473443],[91.0312733,29.6474054],[91.030753,29.6474336],[91.0288874,29.6475487],[91.0286225,29.647565],[91.0282626,29.6475815],[91.0273735,29.647612],[91.0264731,29.6476869],[91.0247476,29.6477904],[91.0233076,29.6478823]]}},{"type":"Feature","id":"way/1385902796","properties":{"highway":"cycleway","osm_id":"way/1385902796","source":"OpenStreetMap"},"geometry":{"type":"LineString","coordinates":[[91.0230078,29.6479014],[91.0227828,29.6479157],[91.0226773,29.6479218],[91.0226361,29.647872]]}},{"type":"Feature","id":"way/1385902797","properties":{"highway":"cycleway","osm_id":"way/1385902797","source":"OpenStreetMap"},"geometry":{"type":"LineString","coordinates":[[91.0233076,29.6478823],[91.0230078,29.6479014]]}},{"type":"Feature","id":"way/1385902798","properties":{"highway":"secondary","name":"林琼岗路","osm_id":"way/1385902798","source":"OpenStreetMap"},"geometry":{"type":"LineString","coordinates":[[91.0224478,29.6473583],[91.0225252,29.6477359],[91.0225437,29.6478781]]}},{"type":"Feature","id":"way/1385902799","properties":{"highway":"secondary","name":"林琼岗路","osm_id":"way/1385902799","source":"OpenStreetMap"},"geometry":{"type":"LineString","coordinates":[[91.0224112,29.6478869],[91.0223986,29.6477444],[91.0223307,29.6473639]]}},{"type":"Feature","id":"way/1385902800","properties":{"highway":"secondary","name":"团结路","osm_id":"way/1385902800","source":"OpenStreetMap"},"geometry":{"type":"LineString","coordinates":[[91.0080695,29.6257793],[91.0080756,29.6255741],[91.0078074,29.6250611]]}},{"type":"Feature","id":"way/1385902801","properties":{"highway":"secondary","name":"林琼岗路","osm_id":"way/1385902801","source":"OpenStreetMap"},"geometry":{"type":"LineString","coordinates":[[91.0078074,29.6250611],[91.0084442,29.6256361]]}},{"type":"Feature","id":"way/1385902802","properties":{"highway":"secondary","osm_id":"way/1385902802","source":"OpenStreetMap"},"geometry":{"type":"LineString","coordinates":[[91.0089792,29.6261646],[91.0089821,29.6263104],[91.0089297,29.626449],[91.0088276,29.6265649],[91.0086874,29.6266451],[91.0085615,29.6266769],[91.0084305,29.6266794],[91.0082716,29.6266406]]}},{"type":"Feature","id":"way/1385902803","properties":{"highway":"secondary","name":"团结路","osm_id":"way/1385902803","source":"OpenStreetMap"},"geometry":{"type":"LineString","coordinates":[[91.0078465,29.6265747],[91.0079876,29.6263071]]}},{"type":"Feature","id":"way/1385902804","properties":{"highway":"secondary","name":"团结路","osm_id":"way/1385902804","source":"OpenStreetMap"},"geometry":{"type":"LineString","coordinates":[[91.0084305,29.6266794],[91.0081572,29.626711]]}},{"type":"Feature","id":"way/1385902805","properties":{"highway":"secondary","name":"林琼岗路","osm_id":"way/1385902805","source":"OpenStreetMap"},"geometry":{"type":"LineString","coordinates":[[91.0089076,29.6266398],[91.0086874,29.6266451]]}},{"type":"Feature","id":"way/1385902806","properties":{"highway":"secondary","osm_id":"way/1385902806","source":"OpenStreetMap"},"geometry":{"type":"LineString","coordinates":[[91.0082716,29.6266406],[91.0081358,29.6265592],[91.0080375,29.6264439],[91.0079876,29.6263071],[91.0079861,29.6261926],[91.0080189,29.6260817],[91.0080972,29.6259672],[91.0082115,29.6258785],[91.0083513,29.6258239],[91.0085035,29.6258084],[91.008654,29.6258335]]}},{"type":"Feature","id":"way/1385902807","properties":{"highway":"secondary","osm_id":"way/1385902807","source":"OpenStreetMap"},"geometry":{"type":"LineString","coordinates":[[91.008654,29.6258335],[91.0088052,29.6259081],[91.0089181,29.6260231],[91.0089792,29.6261646]]}},{"type":"Feature","id":"way/1385902808","properties":{"highway":"secondary","name":"林琼岗路","osm_id":"way/1385902808","source":"OpenStreetMap"},"geometry":{"type":"LineString","coordinates":[[91.0089792,29.6261646],[91.0094073,29.6265197],[91.009494,29.6266145]]}},{"type":"Feature","id":"way/1385902809","properties":{"highway":"secondary","name":"林琼岗路","osm_id":"way/1385902809","source":"OpenStreetMap"},"geometry":{"type":"LineString","coordinates":[[91.0084442,29.6256361],[91.008654,29.6258335]]}},{"type":"Feature","id":"way/1385902810","properties":{"highway":"secondary","name":"团结路","osm_id":"way/1385902810","source":"OpenStreetMap"},"geometry":{"type":"LineString","coordinates":[[91.0080189,29.6260817],[91.0080695,29.6257793]]}},{"type":"Feature","id":"way/1385902811","properties":{"highway":"residential","osm_id":"way/1385902811","source":"OpenStreetMap"},"geometry":{"type":"LineString","coordinates":[[91.0179017,29.6349471],[91.0181708,29.6350068],[91.0184792,29.6353083],[91.0184927,29.6353277],[91.0187259,29.6356618],[91.0188549,29.6359268],[91.0188752,29.6360051],[91.0187863,29.6361575]]}},{"type":"Feature","id":"way/1385902812","properties":{"highway":"secondary","name":"林琼岗路","osm_id":"way/1385902812","source":"OpenStreetMap"},"geometry":{"type":"LineString","coordinates":[[91.009494,29.6266145],[91.0107363,29.6278357],[91.0107901,29.6278892],[91.0126901,29.6297793],[91.013698,29.6307806],[91.0146099,29.6316846],[91.0169811,29.6340352],[91.0179017,29.6349471]]}},{"type":"Feature","id":"way/1385902813","properties":{"highway":"secondary","name":"林琼岗路","osm_id":"way/1385902813","source":"OpenStreetMap"},"geometry":{"type":"LineString","coordinates":[[91.0179017,29.6349471],[91.0183481,29.6354211],[91.018386,29.6354595],[91.0185845,29.6357159],[91.0187567,29.6360773],[91.0187863,29.6361575]]}},{"type":"Feature","id":"way/1385902814","properties":{"highway":"secondary","name":"林琼岗路","osm_id":"way/1385902814","source":"OpenStreetMap"},"geometry":{"type":"LineString","coordinates":[[91.0175019,29.6347471],[91.0168936,29.6341172],[91.0155058,29.6327437],[91.0145167,29.6317602],[91.0125948,29.6298495],[91.0121477,29.629405],[91.0106879,29.627953],[91.0100288,29.6272973],[91.0095728,29.626915],[91.0092343,29.6267399],[91.0089076,29.6266398]]}},{"type":"Feature","id":"way/1385902815","properties":{"highway":"secondary","name":"林琼岗路","osm_id":"way/1385902815","source":"OpenStreetMap"},"geometry":{"type":"LineString","coordinates":[[91.017933,29.6351572],[91.0177981,29.6350243],[91.0175019,29.6347471]]}},{"type":"Feature","id":"way/1385902816","properties":{"highway":"tertiary","osm_id":"way/1385902816","source":"OpenStreetMap"},"geometry":{"type":"LineString","coordinates":[[91.0125096,29.6447082],[91.0126288,29.6445488]]}},{"type":"Feature","id":"way/1385902817","properties":{"highway":"tertiary","name":"格桑路","osm_id":"way/1385902817","source":"OpenStreetMap"},"geometry":{"type":"LineString","coordinates":[[91.0154951,29.6410476],[91.0162247,29.6413926],[91.0170556,29.641656],[91.0178018,29.6417749],[91.0180565,29.6418013],[91.0185207,29.6418495],[91.0192534,29.6418672],[91.0198618,29.6417935],[91.0203462,29.6417003],[91.0205801,29.6416052],[91.0207137,29.6415908]]}},{"type":"Feature","id":"way/1385902818","properties":{"highway":"tertiary","osm_id":"way/1385902818","source":"OpenStreetMap"},"geometry":{"type":"LineString","coordinates":[[91.0154951,29.6410476],[91.0172332,29.6386137]]}},{"type":"Feature","id":"way/1385902819","properties":{"highway":"cycleway","osm_id":"way/1385902819","source":"OpenStreetMap"},"geometry":{"type":"LineString","coordinates":[[91.0078074,29.6250611],[91.0076537,29.6249197]]}},{"type":"Feature","id":"way/1385902820","properties":{"highway":"footway","osm_id":"way/1385902820","source":"OpenStreetMap"},"geometry":{"type":"LineString","coordinates":[[90.9986195,29.631905],[90.9986397,29.6319642],[90.9986133,29.6320806],[90.9987034,29.6323816]]}},{"type":"Feature","id":"way/1385902821","properties":{"highway":"footway","osm_id":"way/1385902821","source":"OpenStreetMap"},"geometry":{"type":"LineString","coordinates":[[90.9986562,29.6324818],[90.9986485,29.6324585],[90.99865,29.6324342],[90.9986606,29.6324118],[90.9986791,29.6323936],[90.9987034,29.6323816],[90.9987303,29.6323772],[90.9987575,29.6323806],[90.9987819,29.6323915],[90.9988011,29.6324085],[90.9988129,29.6324301],[90.9988161,29.6324537],[90.9988104,29.6324771],[90.9987963,29.6324975],[90.9987754,29.632513],[90.9987494,29.6325219],[90.9987215,29.6325229],[90.9986948,29.6325159],[90.9986722,29.6325017],[90.9986562,29.6324818]]}},{"type":"Feature","id":"way/1385902822","properties":{"highway":"footway","osm_id":"way/1385902822","source":"OpenStreetMap"},"geometry":{"type":"LineString","coordinates":[[90.9987754,29.632513],[90.9989309,29.6326499],[90.9993838,29.6328973],[90.9996733,29.6331296],[90.9998493,29.6332262]]}},{"type":"Feature","id":"way/1385902823","properties":{"highway":"secondary","name":"团结路","osm_id":"way/1385902823","source":"OpenStreetMap"},"geometry":{"type":"LineString","coordinates":[[91.0000654,29.6331446],[90.9999004,29.6333851],[90.9998186,29.6335212]]}},{"type":"Feature","id":"way/1385902824","properties":{"highway":"secondary","name":"团结路","osm_id":"way/1385902824","source":"OpenStreetMap"},"geometry":{"type":"LineString","coordinates":[[90.9997023,29.6334601],[90.9997794,29.6333288],[90.9998493,29.6332262],[90.9999407,29.6330922]]}},{"type":"Feature","id":"way/1387862895","properties":{"highway":"tertiary","name":"滨河路","osm_id":"way/1387862895","source":"OpenStreetMap"},"geometry":{"type":"LineString","coordinates":[[91.0339597,29.632155],[91.0339125,29.6321446],[91.0337665,29.6320903],[91.0336897,29.6320325]]}},{"type":"Feature","id":"way/1387862896","properties":{"highway":"tertiary","name":"滨河路","osm_id":"way/1387862896","source":"OpenStreetMap"},"geometry":{"type":"LineString","coordinates":[[91.0336897,29.6320325],[91.0338008,29.6320269],[91.0339369,29.6320785],[91.0339875,29.6320902]]}},{"type":"Feature","id":"way/1387862897","properties":{"highway":"cycleway","osm_id":"way/1387862897","source":"OpenStreetMap"},"geometry":{"type":"LineString","coordinates":[[91.024013,29.634205],[91.0235939,29.6335371],[91.0234108,29.6332542],[91.0233108,29.6330969],[91.023265,29.6329782],[91.0232333,29.6328479],[91.0232357,29.6327256],[91.0232501,29.6326066],[91.0232891,29.6324826],[91.0233511,29.6323631],[91.0234371,29.6322424],[91.0235465,29.6321346],[91.0239065,29.6319283],[91.0258673,29.6309306],[91.0268215,29.630447],[91.0270143,29.6303661],[91.0272091,29.6303357],[91.0274044,29.6303319],[91.0276748,29.6303808],[91.0276841,29.6303832],[91.0284792,29.6305947],[91.0307018,29.6311708],[91.032738,29.6316916]]}},{"type":"Feature","id":"way/1387862898","properties":{"highway":"footway","osm_id":"way/1387862898","source":"OpenStreetMap"},"geometry":{"type":"LineString","coordinates":[[91.0339868,29.6319432],[91.0319707,29.6314334],[91.0293878,29.6307716],[91.0277004,29.6303296],[91.0275542,29.6302913],[91.0273172,29.6302682],[91.0271047,29.6302804],[91.026897,29.6303388],[91.0257464,29.6309062],[91.0235775,29.6320125],[91.0234491,29.63212],[91.0232986,29.6323086],[91.0232091,29.632495],[91.0231686,29.6326545],[91.0231664,29.6328429],[91.0232403,29.6331206],[91.0236712,29.6337785],[91.0239571,29.6342162]]}},{"type":"Feature","id":"way/1387862899","properties":{"highway":"footway","osm_id":"way/1387862899","source":"OpenStreetMap"},"geometry":{"type":"LineString","coordinates":[[91.0277004,29.6303296],[91.0276841,29.6303832],[91.0276286,29.6305651],[91.0274842,29.6305866],[91.0273743,29.6305663],[91.0272488,29.6305114],[91.0271458,29.6304749],[91.0270449,29.6304942],[91.0269465,29.6305395],[91.0269297,29.6306179],[91.0269395,29.6306957],[91.0271021,29.6307858],[91.0272687,29.6307975],[91.0274334,29.6307809],[91.0275661,29.630821],[91.0275933,29.6308397],[91.0278321,29.6310034],[91.0286181,29.6310603],[91.0289053,29.6310976],[91.0290683,29.6310609],[91.0291008,29.6310272],[91.0291008,29.6309798],[91.0290632,29.6309236],[91.028971,29.6308845],[91.0287282,29.6308339],[91.0285096,29.6308356],[91.0283905,29.6308197],[91.0282915,29.6307687],[91.0281053,29.6306689],[91.0279794,29.6306147],[91.027835,29.6305821],[91.0277196,29.6305773],[91.0276687,29.630589],[91.0276286,29.6305651]]}},{"type":"Feature","id":"way/1387862900","properties":{"highway":"footway","osm_id":"way/1387862900","source":"OpenStreetMap"},"geometry":{"type":"LineString","coordinates":[[91.0275933,29.6308397],[91.0276687,29.630589]]}},{"type":"Feature","id":"way/1387862901","properties":{"highway":"footway","osm_id":"way/1387862901","source":"OpenStreetMap"},"geometry":{"type":"LineString","coordinates":[[91.0275542,29.6302913],[91.0274638,29.6301491],[91.0274364,29.6300171],[91.0274583,29.629953],[91.0276578,29.62978],[91.0282493,29.6293887],[91.0283365,29.629331]]}},{"type":"Feature","id":"way/1387862902","properties":{"highway":"footway","osm_id":"way/1387862902","source":"OpenStreetMap"},"geometry":{"type":"LineString","coordinates":[[91.0282493,29.6293887],[91.0281802,29.6293096],[91.0280595,29.6292775],[91.0278549,29.6293032],[91.0277628,29.6292607],[91.0275463,29.6293506],[91.0273507,29.6295075],[91.0270771,29.6295652],[91.026944,29.6295545],[91.0267924,29.6294499],[91.0266986,29.6294253],[91.0265318,29.6294767]]}},{"type":"Feature","id":"way/1387862903","properties":{"highway":"footway","osm_id":"way/1387862903","source":"OpenStreetMap"},"geometry":{"type":"LineString","coordinates":[[91.0274583,29.629953],[91.0271332,29.6298546],[91.026805,29.6296581],[91.0265318,29.6294767],[91.0264149,29.6294412],[91.0261003,29.6295905],[91.0259585,29.6298922],[91.0258078,29.629981],[91.0254857,29.6300645],[91.0252881,29.6301086],[91.0251903,29.6301215]]}},{"type":"Feature","id":"way/1387862904","properties":{"highway":"footway","osm_id":"way/1387862904","source":"OpenStreetMap"},"geometry":{"type":"LineString","coordinates":[[91.0192429,29.6285009],[91.0191956,29.6285346],[91.0192523,29.628571]]}},{"type":"Feature","id":"way/1387862905","properties":{"highway":"footway","osm_id":"way/1387862905","source":"OpenStreetMap"},"geometry":{"type":"LineString","coordinates":[[91.0191956,29.6285346],[91.0190853,29.6285348],[91.0188811,29.6286192],[91.0186377,29.6286304]]}},{"type":"Feature","id":"way/1387862906","properties":{"highway":"footway","osm_id":"way/1387862906","source":"OpenStreetMap"},"geometry":{"type":"LineString","coordinates":[[91.0192523,29.628571],[91.0193463,29.6286293]]}},{"type":"Feature","id":"way/1387862907","properties":{"highway":"footway","osm_id":"way/1387862907","source":"OpenStreetMap"},"geometry":{"type":"LineString","coordinates":[[91.0193252,29.6284379],[91.0192429,29.6285009]]}},{"type":"Feature","id":"way/1387862908","properties":{"highway":"footway","osm_id":"way/1387862908","source":"OpenStreetMap"},"geometry":{"type":"LineString","coordinates":[[91.0186377,29.6286304],[91.0185813,29.6286352]]}},{"type":"Feature","id":"way/1387862909","properties":{"highway":"footway","osm_id":"way/1387862909","source":"OpenStreetMap"},"geometry":{"type":"LineString","coordinates":[[91.0162011,29.6223421],[91.0163654,29.6227501],[91.0165236,29.6232513],[91.0167552,29.6237783],[91.0168549,29.6240961],[91.0168254,29.6244542],[91.0168542,29.6245202],[91.0169049,29.6246365],[91.0171344,29.6248252],[91.0171636,29.6249941],[91.0171651,29.6252149],[91.017311,29.6254281],[91.0174848,29.625615],[91.0175416,29.6258471],[91.017599,29.6261596],[91.0177279,29.6264613],[91.017827,29.6265579],[91.0180062,29.626833],[91.0179934,29.6271033],[91.0180813,29.627407],[91.01817,29.6274943],[91.018259,29.6275828],[91.0183249,29.627789],[91.0183304,29.6280366],[91.0185055,29.6283496],[91.0185813,29.6286352],[91.0187117,29.6289998],[91.019253,29.6300951],[91.0199625,29.6312565],[91.0202141,29.6314238],[91.0204945,29.6318523],[91.0206939,29.6319441],[91.0208396,29.6320112],[91.0209406,29.6320576],[91.021066,29.6324903],[91.0213721,29.63274],[91.0215088,29.6329538],[91.0216646,29.6331623],[91.0219646,29.6333151],[91.0220693,29.6334493],[91.0220944,29.6338511],[91.0222172,29.6339925],[91.0222678,29.6340419],[91.0225581,29.6343248],[91.0227382,29.6341683],[91.0228193,29.6340979],[91.0224745,29.6339061],[91.0222678,29.6340419]]}},{"type":"Feature","id":"way/1387862910","properties":{"highway":"footway","osm_id":"way/1387862910","source":"OpenStreetMap"},"geometry":{"type":"LineString","coordinates":[[91.0225581,29.6343248],[91.0225162,29.6344732]]}},{"type":"Feature","id":"way/1387862911","properties":{"highway":"footway","osm_id":"way/1387862911","source":"OpenStreetMap"},"geometry":{"type":"LineString","coordinates":[[91.0227382,29.6341683],[91.0228806,29.6344061]]}},{"type":"Feature","id":"way/1387862912","properties":{"highway":"footway","osm_id":"way/1387862912","source":"OpenStreetMap"},"geometry":{"type":"LineString","coordinates":[[91.0206939,29.6319441],[91.0206959,29.6322043],[91.021066,29.6324903]]}},{"type":"Feature","id":"way/1387862913","properties":{"highway":"footway","osm_id":"way/1387862913","source":"OpenStreetMap"},"geometry":{"type":"LineString","coordinates":[[91.0217625,29.6316402],[91.0220007,29.6315856],[91.0221192,29.6315786],[91.0222025,29.6316341],[91.02222,29.6317402],[91.0223602,29.6318179],[91.0224891,29.6321587],[91.0225248,29.6322823],[91.0225782,29.6323006],[91.0226464,29.6323752],[91.0227728,29.6324127]]}},{"type":"Feature","id":"way/1387862914","properties":{"highway":"footway","osm_id":"way/1387862914","source":"OpenStreetMap"},"geometry":{"type":"LineString","coordinates":[[91.0222025,29.6316341],[91.0222586,29.6315975],[91.0222947,29.6315931],[91.0223422,29.6315874],[91.0224017,29.6316394],[91.0224159,29.631718],[91.0223602,29.6318179]]}},{"type":"Feature","id":"way/1387862915","properties":{"highway":"footway","osm_id":"way/1387862915","source":"OpenStreetMap"},"geometry":{"type":"LineString","coordinates":[[91.0222947,29.6315931],[91.0224123,29.63141]]}},{"type":"Feature","id":"way/1387862916","properties":{"highway":"footway","osm_id":"way/1387862916","source":"OpenStreetMap"},"geometry":{"type":"LineString","coordinates":[[91.0225219,29.6314488],[91.0225935,29.6313002],[91.0225916,29.6311274]]}},{"type":"Feature","id":"way/1387862917","properties":{"highway":"footway","osm_id":"way/1387862917","source":"OpenStreetMap"},"geometry":{"type":"LineString","coordinates":[[91.0211405,29.6300371],[91.0216649,29.6299677]]}},{"type":"Feature","id":"way/1387862918","properties":{"highway":"footway","osm_id":"way/1387862918","source":"OpenStreetMap"},"geometry":{"type":"LineString","coordinates":[[91.0211405,29.6300371],[91.0206075,29.6301916]]}},{"type":"Feature","id":"way/1387862919","properties":{"highway":"footway","osm_id":"way/1387862919","source":"OpenStreetMap"},"geometry":{"type":"LineString","coordinates":[[91.0216649,29.6299677],[91.0218164,29.6299685],[91.0218922,29.6298399],[91.0221263,29.6297179],[91.0221493,29.6296415]]}},{"type":"Feature","id":"way/1387862920","properties":{"highway":"footway","osm_id":"way/1387862920","source":"OpenStreetMap"},"geometry":{"type":"LineString","coordinates":[[91.0228219,29.6303211],[91.0225402,29.6304074],[91.0222691,29.6304401],[91.0222244,29.6305047],[91.0221467,29.6306859],[91.0219922,29.6307841],[91.0216828,29.6308664],[91.0213022,29.6307123],[91.0209186,29.6307513],[91.0206932,29.6307115],[91.0204037,29.630606],[91.0201573,29.6304636],[91.0201418,29.6303723],[91.0202767,29.630216],[91.0203826,29.6300155]]}},{"type":"Feature","id":"way/1387862921","properties":{"highway":"footway","osm_id":"way/1387862921","source":"OpenStreetMap"},"geometry":{"type":"LineString","coordinates":[[91.0218164,29.6299685],[91.0221332,29.630105],[91.0222766,29.6302211],[91.0222691,29.6304401]]}},{"type":"Feature","id":"way/1387862922","properties":{"highway":"footway","osm_id":"way/1387862922","source":"OpenStreetMap"},"geometry":{"type":"LineString","coordinates":[[91.0227621,29.628188],[91.0226387,29.6280139]]}},{"type":"Feature","id":"way/1387862923","properties":{"highway":"footway","osm_id":"way/1387862923","source":"OpenStreetMap"},"geometry":{"type":"LineString","coordinates":[[91.0228872,29.6283597],[91.0227621,29.628188]]}},{"type":"Feature","id":"way/1387862924","properties":{"highway":"footway","osm_id":"way/1387862924","source":"OpenStreetMap"},"geometry":{"type":"LineString","coordinates":[[91.0209164,29.6319519],[91.0208396,29.6320112]]}},{"type":"Feature","id":"way/1387862925","properties":{"highway":"footway","osm_id":"way/1387862925","source":"OpenStreetMap"},"geometry":{"type":"LineString","coordinates":[[91.017109,29.6244384],[91.0179494,29.6241508]]}},{"type":"Feature","id":"way/1387862926","properties":{"highway":"footway","osm_id":"way/1387862926","source":"OpenStreetMap"},"geometry":{"type":"LineString","coordinates":[[91.017109,29.6244384],[91.0168542,29.6245202]]}},{"type":"Feature","id":"way/1387862927","properties":{"highway":"footway","osm_id":"way/1387862927","source":"OpenStreetMap"},"geometry":{"type":"LineString","coordinates":[[91.0179494,29.6241508],[91.0180189,29.624128],[91.0184738,29.624771],[91.0186347,29.6251038],[91.0186679,29.6253325],[91.0187926,29.6257001],[91.0187994,29.626032],[91.0189125,29.62632],[91.0191048,29.6265261],[91.0192806,29.6266444],[91.0196528,29.6266819],[91.0198114,29.6268152],[91.0199418,29.6269249],[91.020262,29.6273482],[91.0206629,29.6275838],[91.02096,29.6276825]]}},{"type":"Feature","id":"way/1387862928","properties":{"highway":"footway","osm_id":"way/1387862928","source":"OpenStreetMap"},"geometry":{"type":"LineString","coordinates":[[91.0199647,29.6278994],[91.0199748,29.6278009],[91.0200444,29.6276949],[91.0200104,29.6274767],[91.0197929,29.6271277],[91.0197665,29.6269123],[91.0198114,29.6268152],[91.0198096,29.6266897],[91.019293,29.6255596],[91.0193136,29.6252379],[91.0194382,29.624932],[91.0193072,29.6246878],[91.0189711,29.6243954],[91.018214,29.6241037],[91.0180189,29.624128]]}},{"type":"Feature","id":"way/1387862929","properties":{"highway":"service","osm_id":"way/1387862929","source":"OpenStreetMap"},"geometry":{"type":"LineString","coordinates":[[91.032738,29.6316916],[91.0331103,29.6317992],[91.0333193,29.6319138],[91.0335493,29.6319687],[91.0336897,29.6320325]]}},{"type":"Feature","id":"way/1437054242","properties":{"highway":"service","osm_id":"way/1437054242","source":"OpenStreetMap"},"geometry":{"type":"LineString","coordinates":[[91.0081167,29.6400604],[91.0083549,29.639954],[91.0083844,29.6399581],[91.0087861,29.6406339],[91.0088281,29.6406454],[91.0095006,29.6403335],[91.00952,29.6403139],[91.0092686,29.6399087]]}},{"type":"Feature","id":"way/1437054278","properties":{"highway":"service","osm_id":"way/1437054278","source":"OpenStreetMap"},"geometry":{"type":"LineString","coordinates":[[91.0106537,29.6379395],[91.0106062,29.637712],[91.010574,29.637698],[91.0095199,29.6379343]]}}]}